,daily_consumption,daily_number,fraud_if
0,764,6,0
1,797,2,0
2,106,4,0
3,800,2,0
4,968,4,0
5,101,3,0
6,106,4,0
7,800,2,0
8,366,3,0
9,107,2,0
10,1705,3,1
11,967,2,0
12,967,2,0
13,107,2,0
14,107,5,0
15,800,3,0
16,1169,6,0
17,1166,4,0
18,1154,2,0
19,101,1,0
20,107,7,0
21,373,1,0
22,974,4,0
23,845,5,0
24,920,7,0
25,101,1,0
26,930,2,0
27,108,4,0
28,847,8,0
29,972,2,0
30,848,1,0
31,848,2,0
32,970,2,0
33,376,3,0
34,930,2,0
35,970,3,0
36,930,2,0
37,109,2,0
38,378,3,0
39,109,2,0
40,970,2,0
41,177,3,0
42,815,3,0
43,820,1,0
44,102,2,0
45,102,2,0
46,857,2,0
47,916,5,0
48,103,5,0
49,1086,3,0
50,384,2,0
51,1768,2,1
52,104,2,0
53,825,1,0
54,111,5,0
55,860,2,0
56,292,1,0
57,291,4,0
58,290,2,0
59,865,2,0
60,866,2,0
61,650,1,0
62,113,2,0
63,114,1,0
64,116,2,0
65,961,3,0
66,395,3,0
67,656,5,0
68,117,2,0
69,279,3,0
70,119,4,0
71,279,2,0
72,140,4,0
73,179,5,0
74,1023,2,0
75,1428,1,0
76,920,5,0
77,240,1,0
78,1022,2,0
79,690,3,0
80,273,2,0
81,1000,8,0
82,1000,3,0
83,1000,1,0
84,916,7,0
85,403,4,0
86,404,6,0
87,266,2,0
88,1000,5,0
89,263,2,0
90,408,2,0
91,996,2,0
92,995,2,0
93,917,2,0
94,994,2,0
95,710,2,0
96,917,2,0
97,993,5,0
98,711,2,0
99,711,1,0
100,240,3,0
101,180,4,0
102,414,2,0
103,715,2,0
104,715,3,0
105,42,2,0
106,951,1,0
107,717,3,0
108,720,6,0
109,720,2,0
110,142,2,0
111,722,2,0
112,200,3,0
113,46,2,0
114,48,7,0
115,724,1,0
116,421,2,0
117,724,2,0
118,53,2,0
119,726,2,0
120,55,6,0
121,730,2,0
122,57,5,0
123,58,3,0
124,58,2,0
125,735,2,0
126,735,2,0
127,736,2,0
128,363,4,0
129,871,2,0
130,737,5,0
131,737,2,0
132,738,7,0
133,930,6,0
134,59,1,0
135,739,3,0
136,60,2,0
137,741,2,0
138,221,4,0
139,744,5,0
140,745,3,0
141,361,8,0
142,361,3,0
143,746,5,1
144,873,2,0
145,746,7,1
146,747,2,0
147,950,1,0
148,749,4,0
149,142,2,0
150,750,6,0
151,60,2,0
152,66,5,0
153,750,3,0
154,149,4,0
155,750,3,0
156,990,2,0
157,67,1,0
158,350,3,0
159,752,5,0
160,752,2,0
161,1000,2,0
162,754,1,0
163,754,2,0
164,755,5,0
165,344,8,0
166,756,4,0
167,69,3,0
168,950,3,0
169,70,4,0
170,340,5,0
171,760,5,0
172,338,4,0
173,338,2,0
174,900,2,0
175,950,4,0
176,762,2,0
177,920,6,0
178,764,4,0
179,764,3,0
180,990,2,0
181,74,2,0
182,766,5,0
183,78,7,0
184,159,2,0
185,767,3,0
186,767,8,0
187,768,4,0
188,768,3,0
189,78,2,0
190,988,1,0
191,327,2,0
192,769,3,0
193,988,8,0
194,80,1,0
195,506,4,0
196,80,1,0
197,100,2,0
198,987,2,0
199,100,1,1
200,920,1,0
201,1206,2,0
202,1202,2,0
203,775,1,0
204,776,2,0
205,100,6,1
206,920,1,0
207,100,2,1
208,163,5,0
209,981,1,0
210,900,5,0
211,100,3,0
212,1194,2,0
213,981,1,0
214,169,8,0
215,945,5,0
216,100,7,1
217,900,2,0
218,789,1,0
219,977,1,0
220,1177,2,0
221,1177,1,0
222,791,2,0
223,932,3,0
224,138,5,0
225,260,2,0
226,920,3,0
227,485,2,0
228,967,2,0
229,370,3,0
230,332,5,0
231,974,5,0
232,488,5,0
233,489,1,0
234,230,2,0
235,374,3,0
236,846,7,1
237,490,8,1
238,332,2,0
239,848,5,0
240,377,3,0
241,990,2,0
242,379,1,0
243,331,1,0
244,500,3,0
245,970,5,0
246,109,1,0
247,2955,5,1
248,383,4,0
249,322,5,0
250,877,2,0
251,243,2,0
252,961,1,0
253,321,2,0
254,101,3,0
255,391,4,0
256,321,1,0
257,990,2,0
258,720,2,0
259,870,2,0
260,287,1,0
261,246,2,0
262,1026,8,0
263,944,1,0
264,39,2,0
265,320,2,0
266,1196,2,0
267,1195,2,0
268,886,2,0
269,175,4,0
270,1175,1,0
271,407,5,0
272,317,2,0
273,409,1,0
274,317,5,0
275,409,3,0
276,1170,1,0
277,1153,2,0
278,590,2,0
279,313,2,0
280,313,2,0
281,1150,1,0
282,1144,1,0
283,312,6,0
284,1128,1,0
285,303,3,0
286,895,2,0
287,418,3,0
288,1026,2,0
289,272,4,0
290,646,1,0
291,1000,1,0
292,300,2,0
293,222,1,0
294,726,5,0
295,950,1,0
296,729,2,0
297,1000,1,0
298,1000,1,0
299,285,1,0
300,998,5,0
301,223,1,0
302,772,8,0
303,774,6,1
304,897,2,0
305,59,5,0
306,293,2,0
307,993,3,0
308,776,5,0
309,252,2,0
310,777,3,0
311,739,8,0
312,100,6,0
313,252,2,0
314,982,1,0
315,444,3,0
316,740,2,0
317,224,3,0
318,990,5,0
319,448,1,0
320,356,4,0
321,951,1,0
322,354,5,0
323,354,1,0
324,789,2,0
325,352,1,0
326,712,1,0
327,918,1,0
328,975,3,0
329,348,3,0
330,975,2,0
331,236,3,0
332,918,2,0
333,341,2,0
334,341,3,0
335,338,6,0
336,236,2,0
337,894,2,0
338,337,2,0
339,228,3,0
340,967,2,0
341,2086,1,1
342,966,4,0
343,840,1,0
344,841,2,0
345,237,1,0
346,373,5,0
347,963,8,0
348,375,2,0
349,1775,2,0
350,379,5,0
351,379,7,0
352,379,2,0
353,380,1,0
354,1826,4,1
355,1420,2,0
356,390,3,0
357,863,2,0
358,396,8,0
359,396,3,0
360,1833,4,0
361,1428,5,0
362,399,3,0
363,1429,7,0
364,400,4,1
365,2086,1,1
366,1400,2,0
367,2132,3,0
368,2000,3,0
369,1833,5,1
370,1956,1,0
371,1361,4,0
372,2126,3,0
373,2474,3,0
374,229,1,0
375,1344,2,0
376,2462,4,1
377,1722,1,0
378,1341,2,0
379,416,6,0
380,1771,2,1
381,2454,4,0
382,418,2,0
383,2120,1,0
384,2417,2,1
385,2411,2,1
386,2409,1,1
387,1320,1,0
388,2010,2,0
389,2363,1,0
390,1818,5,0
391,2030,2,0
392,2254,2,0
393,2249,1,0
394,1841,4,0
395,2204,3,1
396,1276,2,0
397,1659,1,0
398,364,2,0
399,1266,2,0
400,362,2,0
401,362,2,0
402,435,3,0
403,362,3,0
404,1460,6,0
405,361,1,0
406,1463,2,0
407,1937,2,0
408,1935,5,1
409,443,2,0
410,1465,2,0
411,1466,4,0
412,1466,5,0
413,355,1,0
414,1790,2,0
415,350,1,0
416,348,1,0
417,1250,1,0
418,343,2,0
419,2179,5,1
420,242,4,0
421,333,2,0
422,1489,2,0
423,876,2,0
424,1643,2,0
425,1492,4,0
426,1211,2,0
427,511,8,0
428,242,1,0
429,525,1,0
430,1202,2,0
431,955,3,0
432,1504,3,0
433,261,8,0
434,1026,2,0
435,900,4,0
436,1571,8,0
437,990,2,0
438,1191,2,0
439,1184,2,0
440,301,2,0
441,777,6,0
442,313,2,0
443,1184,2,0
444,710,3,0
445,951,1,0
446,724,7,0
447,892,8,0
448,1576,3,0
449,900,3,0
450,1502,3,0
451,255,2,0
452,272,2,0
453,1179,3,0
454,278,2,0
455,255,2,0
456,990,3,0
457,278,2,0
458,1042,3,0
459,1141,2,0
460,980,2,0
461,249,2,0
462,249,2,0
463,889,2,0
464,257,2,0
465,293,8,0
466,712,1,0
467,791,3,0
468,365,3,0
469,766,2,0
470,989,4,0
471,308,1,0
472,730,2,0
473,300,7,0
474,237,1,0
475,988,2,0
476,1632,2,0
477,1627,4,0
478,894,2,0
479,260,4,0
480,304,2,0
481,300,2,0
482,304,4,0
483,260,2,0
484,255,2,0
485,259,2,0
486,920,1,0
487,950,6,0
488,258,2,0
489,1047,2,0
490,1783,2,1
491,1195,2,0
492,279,4,0
493,1784,2,0
494,990,3,0
495,686,2,0
496,277,2,0
497,1546,2,0
498,1022,1,0
499,1705,4,0
500,1774,2,0
501,1546,3,0
502,777,3,0
503,1196,2,0
504,1205,2,0
505,322,6,0
506,330,1,0
507,330,1,0
508,333,3,0
509,3848,6,1
510,333,8,0
511,333,1,0
512,369,3,0
513,336,2,0
514,337,3,0
515,337,8,0
516,720,2,0
517,341,4,0
518,346,2,0
519,374,2,0
520,346,1,0
521,1257,7,0
522,1257,2,0
523,353,1,0
524,353,4,0
525,356,6,0
526,2650,7,1
527,2677,2,0
528,357,2,0
529,362,2,0
530,1269,2,0
531,364,5,0
532,1656,1,1
533,1660,2,0
534,2251,5,1
535,2033,2,0
536,2316,4,0
537,390,2,0
538,2321,6,1
539,1304,2,0
540,2362,3,0
541,2415,2,0
542,1355,5,0
543,2499,1,0
544,2000,1,0
545,396,1,0
546,1380,1,0
547,1768,2,0
548,2130,5,0
549,1685,2,1
550,403,5,0
551,1955,3,0
552,410,2,0
553,412,1,0
554,415,1,0
555,1445,3,0
556,432,4,0
557,1937,1,1
558,444,2,0
559,446,2,0
560,1469,2,0
561,1475,2,0
562,1930,2,0
563,477,2,0
564,1788,2,1
565,490,7,0
566,2963,2,0
567,1918,5,1
568,2994,4,0
569,531,4,0
570,1502,7,0
571,1910,5,1
572,3000,3,1
573,3034,5,0
574,1785,2,1
575,1784,2,0
576,681,4,0
577,686,2,0
578,1553,5,0
579,712,1,0
580,712,1,0
581,714,2,0
582,714,1,0
583,717,4,0
584,721,2,0
585,722,2,0
586,724,5,0
587,737,1,0
588,742,3,0
589,743,3,0
590,746,1,1
591,748,2,0
592,748,5,0
593,67,3,0
594,757,2,0
595,760,7,0
596,760,3,0
597,762,3,0
598,764,2,0
599,766,1,0
600,80,2,0
601,774,2,0
602,775,2,0
603,779,3,0
604,780,2,0
605,781,4,0
606,783,6,0
607,786,3,0
608,786,3,0
609,792,1,0
610,795,2,0
611,796,3,0
612,800,2,0
613,800,2,0
614,800,3,0
615,810,2,0
616,810,3,0
617,101,2,0
618,824,1,0
619,826,1,0
620,842,1,0
621,849,4,0
622,857,3,0
623,870,2,0
624,870,2,0
625,870,2,0
626,870,2,0
627,872,2,0
628,874,2,0
629,155,2,0
630,891,2,0
631,900,5,0
632,222,2,0
633,900,2,0
634,223,3,0
635,900,2,0
636,226,1,0
637,226,2,0
638,226,2,0
639,908,2,0
640,1591,11,1
641,920,1,0
642,230,3,0
643,231,3,0
644,920,5,0
645,715,2,0
646,930,7,0
647,947,1,0
648,950,7,0
649,950,8,0
650,238,2,0
651,239,5,0
652,241,2,0
653,3559,3,0
654,964,5,0
655,969,7,0
656,970,2,0
657,970,8,0
658,247,2,0
659,970,4,0
660,970,3,0
661,970,2,0
662,971,2,0
663,971,2,0
664,251,2,0
665,980,1,0
666,980,1,0
667,982,4,0
668,252,2,0
669,253,2,0
670,990,7,0
671,259,2,0
672,994,2,0
673,263,5,0
674,997,5,0
675,264,6,0
676,234,2,0
677,266,2,0
678,1000,2,0
679,271,2,0
680,272,2,0
681,272,2,0
682,1024,7,0
683,1024,8,0
684,278,2,0
685,1026,5,0
686,1026,3,0
687,1026,1,0
688,1058,5,0
689,299,3,0
690,300,5,0
691,1066,2,0
692,1066,3,0
693,300,2,0
694,300,2,0
695,1075,1,0
696,303,1,0
697,306,3,0
698,308,1,0
699,310,7,0
700,1126,3,0
701,1173,1,0
702,1174,1,0
703,1179,8,0
704,1179,1,0
705,1185,2,0
706,319,2,0
707,1194,2,0
708,1640,3,0
709,2141,2,0
710,1916,1,1
711,1061,3,0
712,3456,5,0
713,3261,1,0
714,1786,2,0
715,3379,8,1
716,1188,2,0
717,117,2,0
718,3257,5,0
719,222,3,0
720,1416,2,0
721,3267,1,0
722,1996,2,0
723,3557,4,0
724,230,3,0
725,1528,4,0
726,3000,1,0
727,1904,2,0
728,1202,2,0
729,3649,6,1
730,3228,2,0
731,3339,2,0
732,3733,5,0
733,1149,3,0
734,330,1,0
735,1901,2,0
736,3344,6,1
737,3216,4,0
738,274,3,0
739,3066,2,0
740,1902,2,0
741,3394,2,0
742,265,2,0
743,1135,1,0
744,291,5,0
745,1968,6,1
746,3678,2,0
747,2156,3,0
748,1409,3,0
749,980,1,0
750,3412,5,0
751,3061,3,0
752,1903,2,0
753,1641,1,0
754,2193,8,1
755,2103,3,0
756,246,2,0
757,1864,4,0
758,100,7,0
759,988,3,0
760,1156,5,0
761,3341,3,0
762,2959,2,0
763,1555,3,0
764,1777,2,0
765,2166,2,0
766,1161,3,0
767,3325,7,1
768,3363,2,0
769,990,2,0
770,750,3,0
771,1569,7,0
772,3828,8,1
773,1900,2,0
774,1098,3,0
775,1876,8,1
776,254,2,0
777,3000,3,0
778,267,3,0
779,3422,2,0
780,1850,2,0
781,1221,2,0
782,1230,2,0
783,3843,5,0
784,238,5,0
785,3091,2,0
786,1925,2,0
787,1928,2,0
788,1240,5,0
789,1240,2,0
790,812,2,0
791,2909,2,0
792,1929,2,0
793,3929,5,0
794,344,1,0
795,1252,2,0
796,1253,3,0
797,1255,3,0
798,1795,2,0
799,1264,5,0
800,1265,8,0
801,1265,1,0
802,364,5,0
803,248,2,0
804,2208,5,0
805,2546,2,0
806,1278,4,0
807,3998,8,1
808,2235,3,0
809,4000,4,0
810,2477,3,0
811,2270,1,0
812,2292,3,0
813,1305,3,0
814,2187,4,0
815,2098,2,0
816,1940,3,0
817,2010,2,0
818,2002,5,0
819,2392,2,0
820,2396,2,0
821,2396,3,0
822,2398,1,0
823,2398,2,0
824,1941,8,1
825,980,4,0
826,2001,8,1
827,1772,2,0
828,1823,8,1
829,2000,2,0
830,2000,4,0
831,2000,2,0
832,1766,2,0
833,2000,2,0
834,2000,2,0
835,101,2,0
836,2000,2,0
837,1378,3,0
838,1378,2,0
839,1382,1,0
840,1382,1,0
841,1382,1,0
842,1825,5,0
843,251,2,0
844,2000,5,0
845,2000,1,0
846,2132,6,1
847,2000,5,0
848,2000,2,0
849,2000,2,0
850,1526,4,0
851,1718,3,0
852,1914,2,0
853,1905,2,0
854,242,3,0
855,1524,4,0
856,3615,2,0
857,1212,2,0
858,1215,3,0
859,1221,5,0
860,1222,2,0
861,1222,2,0
862,1222,2,0
863,3839,2,0
864,1490,2,0
865,1228,3,0
866,1229,1,0
867,1230,5,0
868,1230,7,0
869,1645,3,0
870,1231,8,0
871,2767,3,0
872,333,5,0
873,365,8,0
874,1239,2,0
875,1239,2,0
876,3617,3,0
877,1905,4,0
878,3259,3,0
879,901,3,0
880,814,2,0
881,1240,7,0
882,2162,2,0
883,1125,2,0
884,1484,2,0
885,2606,2,0
886,3555,1,0
887,1635,3,0
888,1478,2,0
889,3240,7,1
890,1250,7,0
891,375,5,0
892,345,3,0
893,345,6,0
894,970,1,0
895,2890,4,0
896,1916,8,1
897,1253,3,0
898,2154,7,1
899,1254,4,0
900,3937,3,0
901,1131,3,0
902,1257,2,0
903,3393,2,0
904,1470,3,0
905,1467,1,0
906,3673,2,0
907,1800,2,0
908,2693,7,1
909,2695,2,0
910,1609,3,0
911,1453,1,0
912,238,4,0
913,1266,2,0
914,1807,8,1
915,1844,2,0
916,2697,2,0
917,2870,4,0
918,3000,5,0
919,2866,5,0
920,2701,1,0
921,2156,2,0
922,2210,2,0
923,973,2,0
924,2210,3,0
925,1503,1,0
926,1278,5,0
927,1843,3,0
928,2234,7,1
929,3372,1,0
930,2044,2,0
931,3073,2,0
932,3370,3,0
933,2248,3,0
934,224,2,0
935,2859,8,1
936,1194,2,0
937,2276,2,0
938,800,2,0
939,1449,1,0
940,3837,1,0
941,3377,2,0
942,2330,1,0
943,2333,3,0
944,1879,4,0
945,2345,3,0
946,3364,2,0
947,1780,2,0
948,1939,2,0
949,2166,2,0
950,897,2,0
951,2005,3,0
952,895,2,0
953,733,2,0
954,892,1,0
955,1318,1,0
956,2850,1,0
957,3361,2,0
958,1475,2,0
959,1323,5,0
960,1324,2,0
961,1900,2,0
962,2841,5,0
963,1565,2,0
964,2411,3,0
965,1565,6,0
966,1445,8,0
967,3703,1,0
968,1331,5,0
969,2000,2,0
970,4000,3,0
971,2443,1,0
972,1564,3,0
973,1771,2,0
974,4000,6,1
975,1821,3,0
976,1442,1,0
977,1947,3,0
978,1345,3,0
979,2801,2,0
980,1346,4,0
981,2478,2,0
982,710,5,0
983,1351,2,0
984,1352,4,0
985,1833,3,0
986,3099,4,0
987,709,3,0
988,3376,7,1
989,1355,2,0
990,261,1,0
991,4004,7,1
992,3361,2,0
993,1236,2,0
994,312,2,0
995,2157,1,0
996,1373,5,0
997,3388,4,0
998,2000,2,0
999,1874,2,0
1000,2499,2,0
1001,1375,2,0
1002,950,3,0
1003,2500,1,0
1004,3097,2,0
1005,2187,3,0
1006,3601,1,0
1007,1754,5,0
1008,267,2,0
1009,3341,4,0
1010,3766,4,0
1011,2500,7,1
1012,2500,2,0
1013,3094,2,0
1014,694,2,0
1015,252,2,0
1016,1388,3,0
1017,694,2,0
1018,2131,4,0
1019,870,2,0
1020,1393,2,0
1021,693,2,0
1022,3340,5,0
1023,2521,2,0
1024,1397,2,0
1025,1731,5,0
1026,1431,8,0
1027,1960,1,0
1028,2768,3,0
1029,1000,1,0
1030,2136,2,0
1031,3612,1,0
1032,1687,1,0
1033,2000,2,0
1034,839,3,0
1035,1232,2,0
1036,389,3,0
1037,830,1,0
1038,2700,8,1
1039,823,4,0
1040,2703,2,0
1041,905,2,0
1042,393,3,0
1043,394,2,0
1044,398,8,0
1045,785,2,0
1046,1239,4,0
1047,780,3,0
1048,777,2,0
1049,769,3,0
1050,768,2,0
1051,2000,2,0
1052,990,2,0
1053,742,3,0
1054,1788,2,0
1055,2909,5,0
1056,253,2,0
1057,922,2,0
1058,1567,1,0
1059,740,4,0
1060,342,2,0
1061,739,1,0
1062,727,4,0
1063,466,2,0
1064,1781,2,0
1065,712,1,0
1066,260,2,0
1067,260,3,0
1068,707,5,0
1069,1736,8,1
1070,237,1,0
1071,347,5,0
1072,460,2,0
1073,1252,4,0
1074,3931,4,0
1075,1789,2,0
1076,1560,8,0
1077,948,4,0
1078,2889,2,0
1079,900,2,0
1080,265,2,0
1081,350,2,0
1082,999,3,0
1083,1559,2,0
1084,1472,2,0
1085,950,2,0
1086,812,3,0
1087,3567,5,0
1088,3469,2,0
1089,1558,7,0
1090,248,2,0
1091,1000,1,0
1092,266,4,0
1093,918,8,0
1094,356,2,0
1095,696,2,0
1096,810,1,0
1097,237,1,0
1098,360,3,0
1099,1803,5,1
1100,2889,2,0
1101,1804,7,1
1102,361,8,1
1103,1000,1,0
1104,1459,1,0
1105,1457,7,0
1106,915,2,0
1107,690,1,0
1108,1022,4,0
1109,687,2,0
1110,1023,2,0
1111,1939,7,1
1112,1267,2,0
1113,278,2,0
1114,3315,3,0
1115,940,2,0
1116,239,2,0
1117,1271,5,0
1118,900,2,0
1119,810,1,0
1120,2200,3,0
1121,2202,3,1
1122,1274,4,0
1123,3313,2,1
1124,900,2,0
1125,1450,1,0
1126,430,3,0
1127,1024,2,0
1128,3298,5,1
1129,1025,4,0
1130,279,5,0
1131,1026,3,0
1132,900,2,0
1133,3259,4,1
1134,1662,4,0
1135,1784,2,1
1136,2211,5,1
1137,899,5,0
1138,1666,2,0
1139,430,2,0
1140,1027,3,0
1141,289,2,0
1142,290,1,0
1143,290,2,0
1144,3676,2,0
1145,1864,3,0
1146,800,1,0
1147,1612,3,0
1148,2259,6,1
1149,2265,4,1
1150,1784,2,1
1151,2273,7,1
1152,292,7,0
1153,2033,2,0
1154,3689,1,0
1155,1301,3,0
1156,1301,8,0
1157,2167,2,0
1158,293,3,0
1159,3377,3,0
1160,294,2,0
1161,1065,2,0
1162,2332,1,1
1163,891,2,0
1164,2333,4,1
1165,790,1,0
1166,915,3,0
1167,1586,6,0
1168,2345,4,1
1169,2351,1,0
1170,1069,2,0
1171,3766,5,0
1172,789,2,0
1173,1072,2,0
1174,875,2,0
1175,620,2,0
1176,2382,1,0
1177,1080,5,0
1178,1092,1,0
1179,1784,2,1
1180,3820,2,1
1181,305,2,0
1182,1117,3,0
1183,307,1,0
1184,600,2,0
1185,1632,2,1
1186,1636,2,1
1187,960,2,0
1188,1127,1,0
1189,3079,2,0
1190,311,8,0
1191,1637,4,0
1192,312,1,0
1193,312,4,0
1194,1522,6,0
1195,1735,2,0
1196,1148,1,0
1197,2000,1,0
1198,418,2,0
1199,581,5,0
1200,3046,2,0
1201,1169,2,0
1202,1510,3,0
1203,1173,1,0
1204,4000,4,0
1205,1173,1,0
1206,1821,1,0
1207,2458,2,0
1208,1943,2,0
1209,1344,7,0
1210,1344,2,0
1211,1176,2,0
1212,318,8,0
1213,1504,4,0
1214,2475,1,0
1215,4000,4,0
1216,1504,5,0
1217,429,4,0
1218,2000,2,0
1219,860,2,0
1220,962,2,0
1221,318,3,0
1222,1182,2,0
1223,1502,2,0
1224,1354,2,0
1225,858,1,0
1226,846,2,0
1227,1192,2,0
1228,3000,1,0
1229,531,5,0
1230,1359,3,0
1231,1359,8,0
1232,2800,1,0
1233,840,3,0
1234,4012,8,1
1235,2164,2,0
1236,1680,1,0
1237,1202,2,0
1238,2982,6,1
1239,246,3,0
1240,520,3,0
1241,2079,8,1
1242,510,2,0
1243,840,1,0
1244,1922,6,1
1245,2000,2,0
1246,2558,2,0
1247,1214,4,0
1248,1376,3,0
1249,1376,8,0
1250,1214,5,0
1251,2193,1,0
1252,2500,2,0
1253,323,2,0
1254,366,5,0
1255,324,4,0
1256,940,2,0
1257,1382,1,0
1258,327,8,0
1259,1218,3,0
1260,366,4,0
1261,367,6,0
1262,1704,3,0
1263,328,5,0
1264,367,2,0
1265,2600,4,0
1266,2085,1,0
1267,371,2,0
1268,1415,4,0
1269,1417,3,0
1270,839,4,0
1271,2778,3,0
1272,1417,7,0
1273,2644,3,0
1274,1641,1,0
1275,1397,2,0
1276,2944,2,0
1277,375,3,0
1278,486,2,0
1279,900,2,0
1280,2199,2,0
1281,1827,2,0
1282,377,3,0
1283,378,2,0
1284,380,2,0
1285,399,6,0
1286,2683,2,0
1287,2940,2,0
1288,387,2,0
1289,1277,2,0
1290,1602,3,0
1291,1668,4,0
1292,2200,3,0
1293,1668,1,0
1294,1670,1,0
1295,1680,3,0
1296,1683,3,0
1297,1683,4,0
1298,372,3,0
1299,1685,1,0
1300,1688,3,0
1301,375,1,0
1302,1706,2,0
1303,1718,1,0
1304,376,3,0
1305,1726,4,0
1306,1727,2,0
1307,382,4,1
1308,1740,5,0
1309,1748,1,0
1310,1750,5,0
1311,1752,3,0
1312,390,2,0
1313,1760,3,0
1314,1760,2,0
1315,1762,2,0
1316,1772,2,0
1317,1773,2,0
1318,1773,2,0
1319,1781,2,0
1320,1790,2,0
1321,1797,2,0
1322,1807,3,0
1323,400,3,0
1324,400,12,1
1325,1817,4,0
1326,1827,2,0
1327,1833,2,0
1328,4004,3,0
1329,1834,1,0
1330,409,1,0
1331,4000,2,0
1332,3963,3,0
1333,1847,2,0
1334,3843,4,0
1335,3828,3,0
1336,3818,2,0
1337,3715,6,1
1338,3708,5,0
1339,3677,2,0
1340,3597,2,0
1341,3569,7,1
1342,3559,2,0
1343,1876,1,0
1344,1879,3,0
1345,2171,1,0
1346,3467,2,0
1347,3467,2,0
1348,3444,8,1
1349,3260,2,0
1350,430,4,0
1351,3221,5,0
1352,3197,2,0
1353,3189,2,0
1354,3185,6,1
1355,3170,1,0
1356,3131,2,0
1357,3131,2,0
1358,435,3,0
1359,436,2,0
1360,3130,2,0
1361,439,1,0
1362,439,1,0
1363,3120,4,0
1364,1900,3,0
1365,3113,2,0
1366,445,1,0
1367,3110,2,0
1368,3106,3,0
1369,449,1,0
1370,3072,2,0
1371,3070,2,0
1372,450,1,0
1373,450,5,0
1374,455,1,0
1375,456,2,0
1376,3036,7,1
1377,457,2,0
1378,1905,2,0
1379,3014,1,0
1380,2977,5,0
1381,2932,2,0
1382,1933,2,0
1383,470,2,0
1384,1937,3,0
1385,2863,1,0
1386,2852,5,0
1387,2820,5,0
1388,2800,3,0
1389,2780,4,0
1390,2780,3,0
1391,2758,3,0
1392,2732,4,0
1393,2726,2,0
1394,1971,1,0
1395,2687,1,0
1396,1977,2,0
1397,1985,3,0
1398,1986,1,0
1399,1989,2,0
1400,2662,4,0
1401,2147,1,0
1402,2146,3,0
1403,2141,2,0
1404,2547,2,0
1405,2138,2,0
1406,2533,2,0
1407,2000,2,0
1408,2000,8,1
1409,2090,2,0
1410,536,8,0
1411,2500,1,0
1412,2500,1,0
1413,2000,4,0
1414,2499,3,0
1415,2126,8,1
1416,549,3,0
1417,2491,3,0
1418,2125,2,0
1419,2484,3,0
1420,2480,1,0
1421,2000,2,0
1422,2000,1,0
1423,2459,2,0
1424,2437,2,0
1425,2433,2,0
1426,2121,5,0
1427,2419,4,0
1428,2418,2,0
1429,2411,1,0
1430,2409,1,0
1431,2406,1,0
1432,2091,3,0
1433,2094,1,0
1434,2008,6,1
1435,599,2,0
1436,600,1,0
1437,600,1,0
1438,2387,1,0
1439,600,1,0
1440,600,1,0
1441,2385,1,0
1442,2010,2,0
1443,2378,4,1
1444,2374,2,0
1445,2012,2,0
1446,2338,2,1
1447,2321,2,0
1448,2299,3,0
1449,2037,1,0
1450,620,2,0
1451,2267,2,0
1452,2266,5,0
1453,631,2,0
1454,2253,2,0
1455,2243,5,0
1456,2047,2,0
1457,2226,4,0
1458,2226,4,0
1459,2220,2,0
1460,2219,1,0
1461,2059,3,0
1462,2207,4,0
1463,360,7,0
1464,353,2,1
1465,659,2,0
1466,347,1,0
1467,345,4,0
1468,344,3,0
1469,343,2,0
1470,337,2,0
1471,337,7,0
1472,336,5,0
1473,322,2,0
1474,319,2,0
1475,284,1,0
1476,283,5,0
1477,282,5,0
1478,697,2,0
1479,697,4,0
1480,280,2,0
1481,280,5,0
1482,273,7,0
1483,705,1,0
1484,258,2,0
1485,256,2,0
1486,243,8,0
1487,230,2,0
1488,226,3,0
1489,226,1,0
1490,225,1,0
1491,224,3,0
1492,740,3,0
1493,750,3,0
1494,751,3,0
1495,758,3,1
1496,760,4,0
1497,767,2,0
1498,767,1,0
1499,780,7,0
1500,780,2,0
1501,781,2,0
1502,788,2,0
1503,793,2,0
1504,793,8,0
1505,833,3,0
1506,850,2,0
1507,879,2,0
1508,879,2,0
1509,900,5,0
1510,910,5,0
1511,911,4,0
1512,919,5,0
1513,920,4,0
1514,926,3,0
1515,930,2,0
1516,931,2,0
1517,947,3,0
1518,947,6,0
1519,950,5,0
1520,958,2,0
1521,960,2,0
1522,960,2,0
1523,960,2,0
1524,1000,6,0
1525,1000,5,0
1526,1002,2,0
1527,1025,2,0
1528,1026,3,0
1529,1027,2,0
1530,1029,4,0
1531,1029,5,1
1532,1030,4,0
1533,1030,6,0
1534,1031,2,0
1535,1034,5,0
1536,1040,3,0
1537,1040,1,0
1538,1062,3,0
1539,1065,8,0
1540,1072,2,0
1541,1081,3,0
1542,1094,3,0
1543,1105,2,0
1544,1105,2,0
1545,1121,1,0
1546,1122,1,0
1547,1124,4,0
1548,1132,1,0
1549,1145,3,0
1550,1207,2,0
1551,1210,2,0
1552,1210,2,0
1553,1224,2,0
1554,2190,1,0
1555,1225,2,0
1556,1226,2,0
1557,1231,2,0
1558,1234,4,0
1559,2190,3,0
1560,1250,5,0
1561,1252,3,0
1562,1254,5,0
1563,1269,4,0
1564,1274,3,0
1565,1276,2,0
1566,1277,2,0
1567,1278,2,0
1568,1278,1,0
1569,1283,3,0
1570,1284,1,0
1571,1288,5,0
1572,1289,2,0
1573,1333,3,0
1574,1334,2,0
1575,1334,2,0
1576,1334,2,0
1577,1339,2,0
1578,1341,5,0
1579,1346,5,0
1580,1353,5,0
1581,1362,3,0
1582,1363,6,0
1583,1365,2,0
1584,1365,2,0
1585,1369,2,0
1586,1382,1,0
1587,1386,3,0
1588,1399,2,0
1589,1399,2,0
1590,1402,2,0
1591,1406,8,0
1592,1418,2,0
1593,1420,3,0
1594,1420,6,0
1595,1431,2,0
1596,1436,1,0
1597,1440,1,0
1598,1443,5,0
1599,1448,1,0
1600,1453,5,0
1601,1461,2,0
1602,1465,2,0
1603,1467,2,0
1604,1467,3,0
1605,1471,8,0
1606,1477,2,0
1607,1486,4,0
1608,1490,2,0
1609,1492,5,0
1610,1492,2,0
1611,1498,6,0
1612,1511,3,0
1613,1520,3,0
1614,1524,4,0
1615,1525,4,0
1616,1533,7,0
1617,1540,2,0
1618,1542,2,0
1619,1548,4,0
1620,1550,3,0
1621,1551,3,0
1622,1561,1,0
1623,1566,3,0
1624,1572,2,0
1625,1573,4,0
1626,1584,1,0
1627,1590,14,1
1628,365,1,0
1629,366,2,0
1630,368,4,0
1631,258,2,0
1632,2363,1,0
1633,260,2,0
1634,2200,3,0
1635,2377,3,0
1636,3602,1,0
1637,2391,2,0
1638,375,3,0
1639,991,2,0
1640,382,4,1
1641,384,5,0
1642,260,7,0
1643,1400,4,0
1644,2000,2,0
1645,993,2,0
1646,1486,3,0
1647,392,3,0
1648,1821,5,0
1649,1345,8,0
1650,2155,2,0
1651,1692,2,0
1652,2085,1,0
1653,999,2,0
1654,1871,5,0
1655,2729,2,0
1656,1000,1,0
1657,1900,4,0
1658,1000,4,0
1659,1000,2,0
1660,272,5,0
1661,272,2,0
1662,2000,2,0
1663,1005,2,0
1664,1022,3,0
1665,1429,2,0
1666,1022,6,0
1667,277,2,0
1668,2061,2,0
1669,1323,4,0
1670,1024,2,0
1671,1025,2,0
1672,421,1,0
1673,1025,6,0
1674,1430,3,0
1675,1026,3,0
1676,426,3,0
1677,290,6,0
1678,2000,2,0
1679,1325,3,0
1680,2779,3,0
1681,1700,1,0
1682,2000,3,0
1683,433,1,0
1684,1045,5,0
1685,2588,8,1
1686,1385,5,0
1687,1707,2,0
1688,294,4,0
1689,2144,4,0
1690,1059,8,0
1691,1063,1,0
1692,1069,5,0
1693,2798,1,0
1694,1709,3,0
1695,1080,1,0
1696,460,2,0
1697,466,2,0
1698,302,5,0
1699,469,2,0
1700,470,2,0
1701,306,2,0
1702,2800,6,1
1703,476,2,0
1704,477,4,0
1705,477,5,0
1706,1926,2,0
1707,480,4,1
1708,1126,1,0
1709,1528,3,0
1710,2144,5,0
1711,308,1,0
1712,2650,2,0
1713,1376,2,0
1714,500,2,1
1715,2800,1,0
1716,1955,2,0
1717,2072,5,0
1718,2000,5,0
1719,520,3,0
1720,1436,1,0
1721,2800,1,0
1722,1886,2,0
1723,530,1,0
1724,530,1,0
1725,1781,2,0
1726,2489,4,0
1727,2816,2,0
1728,544,2,0
1729,2649,5,0
1730,548,5,0
1731,550,2,0
1732,1699,1,0
1733,555,2,0
1734,2000,3,0
1735,1134,1,0
1736,560,2,0
1737,1397,2,0
1738,1149,2,0
1739,1710,1,0
1740,2522,2,0
1741,570,3,0
1742,1973,1,0
1743,1152,2,0
1744,576,2,0
1745,580,2,0
1746,587,2,0
1747,2708,4,0
1748,595,2,0
1749,2083,6,1
1750,2825,4,0
1751,601,3,0
1752,2932,2,0
1753,2522,2,0
1754,2502,2,0
1755,2161,4,0
1756,616,2,0
1757,620,6,0
1758,1917,2,0
1759,2841,2,0
1760,2873,3,0
1761,3401,2,0
1762,3400,2,0
1763,1177,3,0
1764,1384,1,0
1765,1590,12,1
1766,3049,2,0
1767,640,3,0
1768,2637,2,0
1769,1181,2,0
1770,1189,2,0
1771,1587,2,0
1772,319,4,0
1773,1211,2,0
1774,1464,2,0
1775,670,3,0
1776,674,2,0
1777,1222,3,0
1778,1808,1,0
1779,1421,2,0
1780,2000,4,0
1781,689,2,0
1782,690,7,0
1783,1578,4,0
1784,1222,6,0
1785,700,5,0
1786,2948,4,0
1787,1464,2,0
1788,2500,3,0
1789,332,1,0
1790,710,6,0
1791,3368,5,0
1792,2889,2,0
1793,2963,3,0
1794,1570,2,0
1795,2950,5,0
1796,1563,4,0
1797,1232,1,0
1798,1237,2,0
1799,335,2,0
1800,2631,2,0
1801,3976,4,0
1802,1790,2,0
1803,1333,2,0
1804,2000,1,0
1805,1891,4,0
1806,1559,3,0
1807,335,2,0
1808,338,1,0
1809,1552,3,0
1810,1551,3,0
1811,1248,2,0
1812,344,2,0
1813,1652,2,0
1814,1649,1,0
1815,1250,2,0
1816,3330,2,0
1817,344,2,0
1818,1755,2,0
1819,3323,5,0
1820,3320,1,0
1821,1648,3,0
1822,348,2,0
1823,1252,3,0
1824,1546,8,0
1825,1783,2,0
1826,1376,2,0
1827,2371,3,0
1828,1255,2,0
1829,1257,8,0
1830,2890,5,0
1831,355,8,0
1832,1782,2,0
1833,1265,2,0
1834,3351,2,0
1835,1271,1,0
1836,2000,5,0
1837,1000,5,0
1838,2445,1,0
1839,2207,3,0
1840,1278,2,0
1841,2454,3,0
1842,2220,5,0
1843,3253,2,0
1844,2057,4,0
1845,2051,2,0
1846,2135,2,0
1847,2049,2,0
1848,1508,3,0
1849,2048,2,0
1850,1831,2,0
1851,2041,3,0
1852,2276,3,0
1853,1541,5,0
1854,1355,1,0
1855,2277,8,1
1856,2277,1,0
1857,2000,6,1
1858,1908,2,0
1859,2891,2,0
1860,2278,5,0
1861,729,2,0
1862,750,2,0
1863,2461,3,0
1864,3199,2,0
1865,2679,2,0
1866,752,4,0
1867,2279,4,0
1868,784,5,0
1869,786,1,0
1870,3000,1,0
1871,2036,5,0
1872,822,2,0
1873,840,1,0
1874,866,2,0
1875,1935,4,0
1876,2288,4,0
1877,1302,2,0
1878,2100,2,0
1879,888,2,0
1880,3000,2,0
1881,220,2,0
1882,2324,3,0
1883,2000,2,0
1884,898,4,0
1885,1933,2,0
1886,2332,2,0
1887,1374,2,0
1888,1908,3,0
1889,900,2,0
1890,1667,3,0
1891,224,2,0
1892,2335,3,0
1893,1415,2,0
1894,1921,3,0
1895,1864,5,0
1896,226,3,0
1897,228,4,0
1898,1400,5,0
1899,1912,2,0
1900,2064,3,0
1901,230,3,0
1902,2000,3,0
1903,920,1,0
1904,1611,2,0
1905,920,4,0
1906,1610,2,0
1907,230,4,0
1908,232,1,0
1909,3663,2,0
1910,234,3,0
1911,3644,3,0
1912,947,1,0
1913,954,4,0
1914,970,6,0
1915,980,6,0
1916,2339,2,0
1917,2061,3,0
1918,2354,2,0
1919,2953,2,0
1920,2968,8,1
1921,1865,2,0
1922,1865,3,0
1923,990,2,0
1924,990,8,0
1925,1307,1,0
1926,368,5,0
1927,370,2,0
1928,2747,1,0
1929,281,3,0
1930,1967,3,0
1931,1313,1,0
1932,2518,2,0
1933,1756,8,1
1934,280,2,0
1935,390,2,0
1936,280,1,1
1937,1026,4,0
1938,1024,1,0
1939,398,5,0
1940,273,2,0
1941,399,2,0
1942,400,3,0
1943,400,11,1
1944,405,3,0
1945,270,2,0
1946,1000,2,0
1947,1000,1,0
1948,2519,2,0
1949,1000,4,0
1950,998,7,0
1951,990,2,0
1952,259,2,0
1953,417,2,0
1954,257,2,0
1955,990,3,0
1956,990,2,0
1957,251,2,0
1958,425,2,0
1959,1244,3,0
1960,250,2,0
1961,250,2,0
1962,249,2,0
1963,434,1,0
1964,973,2,0
1965,439,1,0
1966,970,2,0
1967,443,4,0
1968,969,5,0
1969,445,1,0
1970,967,2,0
1971,450,2,0
1972,966,2,0
1973,962,2,0
1974,960,2,0
1975,242,2,0
1976,472,2,0
1977,475,2,0
1978,957,5,0
1979,480,3,0
1980,487,2,0
1981,2117,5,0
1982,491,6,1
1983,493,2,0
1984,498,2,0
1985,1327,2,0
1986,956,2,0
1987,954,5,0
1988,507,2,0
1989,950,2,0
1990,522,5,0
1991,527,3,1
1992,530,1,0
1993,938,2,0
1994,238,3,0
1995,547,4,0
1996,932,1,0
1997,560,2,0
1998,930,2,0
1999,930,2,0
2000,572,2,0
2001,600,1,0
2002,237,1,0
2003,930,2,0
2004,925,2,0
2005,610,3,0
2006,920,2,0
2007,1422,2,0
2008,630,6,0
2009,3999,1,0
2010,631,2,0
2011,634,5,0
2012,638,2,0
2013,639,8,0
2014,230,3,0
2015,642,1,0
2016,920,1,0
2017,656,7,0
2018,658,8,0
2019,661,2,0
2020,661,2,0
2021,665,2,0
2022,918,3,0
2023,902,2,0
2024,900,4,0
2025,696,2,0
2026,700,3,0
2027,224,3,0
2028,705,5,0
2029,900,5,0
2030,900,2,0
2031,221,3,0
2032,715,5,0
2033,895,2,0
2034,716,8,0
2035,895,2,0
2036,885,2,0
2037,877,2,0
2038,874,2,0
2039,874,2,0
2040,1977,4,0
2041,2687,3,0
2042,3961,3,0
2043,1977,5,0
2044,3950,3,0
2045,870,2,0
2046,3944,2,0
2047,869,2,0
2048,868,2,0
2049,1813,2,0
2050,3917,1,0
2051,867,2,0
2052,3911,3,0
2053,3909,2,0
2054,3905,2,0
2055,2685,5,0
2056,3888,1,0
2057,860,2,0
2058,851,1,0
2059,2435,2,0
2060,3881,4,0
2061,3877,3,0
2062,3863,3,0
2063,2439,1,0
2064,836,1,0
2065,800,1,0
2066,800,1,0
2067,2440,2,0
2068,774,3,0
2069,768,6,0
2070,2452,3,0
2071,766,7,0
2072,760,2,0
2073,757,6,0
2074,738,5,0
2075,3816,5,0
2076,2684,4,0
2077,3806,3,0
2078,1850,2,0
2079,726,1,0
2080,2459,3,0
2081,3793,2,0
2082,1419,2,0
2083,3788,2,0
2084,722,4,0
2085,2459,1,0
2086,722,2,0
2087,3777,2,0
2088,3777,2,0
2089,3777,2,0
2090,716,1,0
2091,1419,1,0
2092,2462,1,0
2093,3745,7,1
2094,3739,5,0
2095,2464,2,0
2096,1419,3,0
2097,3733,2,0
2098,3733,2,0
2099,3733,2,0
2100,1981,1,0
2101,3716,2,0
2102,1851,8,1
2103,2465,1,0
2104,2465,1,0
2105,3706,2,0
2106,1983,5,0
2107,3698,2,0
2108,3697,7,1
2109,3685,2,0
2110,3685,5,0
2111,3685,4,0
2112,2000,5,0
2113,2468,3,0
2114,3632,2,0
2115,3629,2,0
2116,2538,2,0
2117,2468,4,0
2118,3613,1,0
2119,2470,3,0
2120,2660,5,0
2121,3584,4,0
2122,2000,8,1
2123,2660,2,0
2124,3570,2,0
2125,2659,1,0
2126,2000,2,0
2127,2482,2,0
2128,3518,2,0
2129,3517,6,1
2130,2483,3,0
2131,2483,4,0
2132,2101,8,1
2133,3502,8,1
2134,2659,8,1
2135,1882,1,0
2136,1883,1,0
2137,2484,2,0
2138,2654,3,0
2139,1990,2,0
2140,3472,2,0
2141,3469,2,0
2142,2000,7,1
2143,2488,3,0
2144,1418,2,0
2145,1887,3,0
2146,3452,2,0
2147,2000,2,0
2148,3418,5,0
2149,3414,1,0
2150,3413,3,0
2151,3412,2,0
2152,1594,2,0
2153,3408,4,0
2154,3404,2,0
2155,3401,2,0
2156,3395,2,0
2157,2490,2,0
2158,3380,1,0
2159,3376,5,0
2160,1577,3,0
2161,1576,3,0
2162,2526,2,0
2163,2631,2,0
2164,1567,3,0
2165,3296,4,0
2166,3285,1,0
2167,3278,1,0
2168,2630,2,0
2169,2493,1,0
2170,1356,2,0
2171,2629,2,0
2172,3200,2,0
2173,3194,2,0
2174,1366,2,0
2175,2628,2,0
2176,2499,3,0
2177,3168,8,1
2178,3157,2,0
2179,2528,2,0
2180,3147,3,0
2181,2499,5,0
2182,1900,2,0
2183,2529,2,0
2184,1900,3,0
2185,1721,1,0
2186,2499,2,0
2187,2499,3,0
2188,3110,7,1
2189,2499,1,0
2190,3097,2,0
2191,3093,2,0
2192,2546,2,0
2193,1515,2,0
2194,2499,3,0
2195,2499,8,1
2196,1375,7,0
2197,3021,2,0
2198,3017,5,0
2199,3017,4,0
2200,1503,2,0
2201,3000,2,0
2202,3000,2,0
2203,2500,1,0
2204,3284,1,0
2205,2955,1,0
2206,2933,2,0
2207,1488,2,0
2208,2924,2,0
2209,2911,4,0
2210,1484,5,0
2211,1481,1,0
2212,2902,3,0
2213,2901,2,0
2214,1716,4,0
2215,2500,2,0
2216,2501,5,0
2217,2501,4,0
2218,2884,2,0
2219,2876,2,0
2220,1453,3,0
2221,2501,3,0
2222,2866,2,0
2223,2501,6,1
2224,2000,3,0
2225,1447,3,0
2226,1388,2,0
2227,1447,4,0
2228,2843,3,0
2229,2084,1,0
2230,2502,2,0
2231,2839,2,0
2232,2834,2,0
2233,2812,8,1
2234,2811,3,0
2235,2505,2,0
2236,2507,2,0
2237,1955,1,0
2238,1955,4,0
2239,1959,2,0
2240,2800,4,0
2241,2798,5,0
2242,2509,2,0
2243,2792,2,0
2244,2000,6,1
2245,2784,3,0
2246,2783,2,0
2247,1704,2,0
2248,2510,2,0
2249,2512,2,0
2250,2517,2,0
2251,2752,3,0
2252,1965,4,0
2253,2751,2,0
2254,2750,7,1
2255,2748,5,0
2256,2390,4,0
2257,2390,3,0
2258,2008,2,0
2259,1309,3,0
2260,2373,1,0
2261,2370,2,0
2262,1309,4,0
2263,1308,5,0
2264,2366,4,0
2265,2361,3,0
2266,2360,2,0
2267,2359,6,1
2268,2355,2,0
2269,2355,8,1
2270,2354,3,0
2271,2015,2,0
2272,2017,1,0
2273,2018,5,0
2274,2019,7,1
2275,2341,1,0
2276,2340,3,0
2277,2340,2,0
2278,2330,3,0
2279,2019,2,0
2280,2019,2,0
2281,2019,3,0
2282,2318,3,0
2283,2316,5,0
2284,2308,3,0
2285,2020,2,0
2286,2306,2,0
2287,2305,7,1
2288,2304,5,0
2289,2303,1,0
2290,2302,3,0
2291,2023,5,0
2292,2027,3,0
2293,2295,3,0
2294,1302,4,0
2295,2289,3,0
2296,1301,2,0
2297,1300,7,0
2298,2283,3,0
2299,2282,2,0
2300,2281,3,0
2301,2280,3,0
2302,2280,2,0
2303,2280,6,1
2304,1298,5,0
2305,1294,5,0
2306,2038,5,0
2307,2039,7,1
2308,2260,2,0
2309,1294,4,0
2310,2256,4,0
2311,2255,5,0
2312,2255,2,0
2313,2255,1,0
2314,2254,8,1
2315,2040,2,0
2316,1293,2,0
2317,1293,2,0
2318,1291,2,0
2319,2248,2,0
2320,2242,8,1
2321,2042,2,0
2322,2043,5,0
2323,2239,4,0
2324,2236,5,0
2325,2044,6,1
2326,1282,2,0
2327,2050,2,0
2328,1686,1,0
2329,2051,2,0
2330,2211,7,1
2331,1276,2,0
2332,1273,2,0
2333,1272,2,0
2334,1266,2,0
2335,362,6,0
2336,1262,1,0
2337,359,2,0
2338,353,5,0
2339,1251,5,0
2340,1251,2,0
2341,1251,1,0
2342,1250,2,0
2343,340,3,0
2344,1240,3,0
2345,1225,2,0
2346,1215,2,0
2347,1210,2,0
2348,1209,2,0
2349,321,3,0
2350,319,5,0
2351,1174,1,0
2352,1152,1,0
2353,311,3,0
2354,1119,2,0
2355,1111,1,0
2356,1093,1,0
2357,1087,3,0
2358,301,2,0
2359,299,2,0
2360,295,2,0
2361,290,5,0
2362,2067,1,0
2363,372,3,0
2364,387,7,1
2365,1750,1,0
2366,391,1,0
2367,2557,2,0
2368,397,3,0
2369,2000,2,0
2370,1969,2,0
2371,1315,1,0
2372,2728,2,0
2373,411,2,0
2374,413,1,0
2375,414,7,0
2376,416,5,0
2377,417,2,0
2378,420,2,0
2379,2000,6,0
2380,422,3,0
2381,425,1,0
2382,427,1,0
2383,430,1,0
2384,1616,3,0
2385,435,4,0
2386,1901,2,0
2387,2068,1,0
2388,2174,8,0
2389,2556,2,0
2390,456,2,0
2391,457,2,0
2392,224,2,0
2393,478,5,0
2394,503,2,0
2395,503,2,0
2396,520,3,0
2397,2036,2,0
2398,542,4,0
2399,1528,5,0
2400,562,2,0
2401,563,1,0
2402,600,2,0
2403,900,2,0
2404,900,4,0
2405,620,2,0
2406,1421,2,0
2407,1618,2,0
2408,2414,4,0
2409,679,1,0
2410,2415,3,0
2411,686,2,0
2412,701,5,0
2413,706,1,0
2414,1421,2,0
2415,714,3,0
2416,715,7,0
2417,3989,7,1
2418,1760,1,0
2419,2108,2,0
2420,1512,3,0
2421,2523,2,0
2422,3948,3,0
2423,218,3,0
2424,1334,2,0
2425,1528,2,0
2426,2434,2,0
2427,1845,2,0
2428,1845,2,0
2429,3855,3,0
2430,1473,4,0
2431,1529,1,0
2432,1334,2,0
2433,1335,2,0
2434,1341,3,0
2435,3099,5,0
2436,1629,3,0
2437,1740,4,0
2438,2278,2,0
2439,2086,1,0
2440,3777,6,1
2441,2586,2,0
2442,3233,1,0
2443,3212,2,0
2444,1293,2,0
2445,1541,2,0
2446,2500,1,0
2447,2105,2,0
2448,2243,2,0
2449,1720,1,0
2450,868,2,0
2451,866,2,0
2452,1777,2,0
2453,1390,1,0
2454,2236,2,0
2455,2236,1,0
2456,1288,6,0
2457,1497,5,0
2458,1288,3,0
2459,2558,2,0
2460,2234,5,0
2461,3237,5,0
2462,1542,4,0
2463,3244,2,0
2464,1850,2,0
2465,1960,2,0
2466,2603,3,0
2467,3244,8,1
2468,1896,2,0
2469,1782,2,0
2470,2222,6,0
2471,1544,3,0
2472,857,7,0
2473,2215,2,0
2474,2212,2,0
2475,1390,5,0
2476,1279,5,0
2477,1544,1,0
2478,2999,2,0
2479,1545,5,0
2480,1276,2,0
2481,2203,3,0
2482,847,2,0
2483,844,2,0
2484,837,2,0
2485,1828,2,0
2486,364,3,0
2487,822,2,0
2488,820,4,0
2489,1268,2,0
2490,3050,8,1
2491,1741,3,0
2492,1545,2,0
2493,813,1,0
2494,1498,3,0
2495,1261,1,0
2496,804,2,0
2497,356,5,0
2498,1828,2,0
2499,1511,3,0
2500,2572,3,0
2501,1850,7,0
2502,2167,4,0
2503,774,1,0
2504,1546,1,0
2505,1465,2,0
2506,1252,6,0
2507,774,3,0
2508,1776,2,0
2509,1691,2,0
2510,1251,8,0
2511,1251,3,0
2512,770,5,0
2513,3099,2,0
2514,1355,3,0
2515,3332,3,0
2516,2169,5,0
2517,343,5,0
2518,341,6,0
2519,3339,1,0
2520,1719,1,0
2521,1247,2,0
2522,2794,3,0
2523,1240,5,0
2524,1501,1,0
2525,1238,2,0
2526,1344,5,0
2527,1756,3,0
2528,1238,2,0
2529,1556,1,0
2530,3355,2,0
2531,1238,2,0
2532,2073,2,0
2533,1236,6,0
2534,3360,2,0
2535,1226,4,0
2536,3368,2,0
2537,2606,6,1
2538,331,4,0
2539,1224,2,0
2540,1224,2,0
2541,1224,2,0
2542,1621,1,0
2543,2547,2,0
2544,327,1,0
2545,325,2,0
2546,1217,7,0
2547,324,2,0
2548,1824,2,0
2549,732,8,0
2550,1210,2,0
2551,1493,3,0
2552,732,2,0
2553,2854,7,1
2554,1201,2,0
2555,2587,3,0
2556,2533,2,0
2557,3389,3,0
2558,1889,3,0
2559,1888,2,0
2560,317,3,0
2561,2590,1,0
2562,1171,1,0
2563,1152,1,0
2564,3777,3,0
2565,1481,7,0
2566,1400,2,0
2567,2784,1,0
2568,1129,1,0
2569,2365,3,0
2570,3473,2,0
2571,3475,2,0
2572,2365,2,0
2573,1776,2,0
2574,2606,2,0
2575,2095,7,0
2576,2361,2,0
2577,2172,5,0
2578,300,5,0
2579,300,2,0
2580,300,2,0
2581,1061,6,0
2582,1600,12,1
2583,3050,1,0
2584,2569,4,0
2585,1058,2,0
2586,294,6,0
2587,1600,1,0
2588,1036,4,0
2589,2191,5,0
2590,1029,3,0
2591,2173,2,0
2592,2129,2,0
2593,1027,3,0
2594,288,3,0
2595,1026,2,0
2596,283,2,0
2597,2357,5,0
2598,1491,2,0
2599,1413,2,0
2600,1600,7,0
2601,2014,5,0
2602,1024,1,0
2603,2482,1,0
2604,2482,1,0
2605,2353,7,0
2606,1605,5,0
2607,1605,4,0
2608,271,2,0
2609,2477,4,0
2610,2064,4,0
2611,268,8,1
2612,268,1,0
2613,1377,5,0
2614,2077,7,0
2615,1000,2,0
2616,3575,8,1
2617,264,2,0
2618,996,2,0
2619,993,6,0
2620,1867,3,0
2621,2123,2,0
2622,1605,3,0
2623,1607,6,0
2624,2157,5,0
2625,1513,5,0
2626,2061,8,0
2627,1791,2,0
2628,990,2,0
2629,1835,3,0
2630,1607,2,0
2631,2000,2,0
2632,253,2,0
2633,3142,2,0
2634,2102,4,0
2635,987,7,0
2636,252,2,0
2637,251,2,0
2638,2627,2,0
2639,1517,3,0
2640,2000,2,0
2641,1518,2,0
2642,1781,2,0
2643,2177,1,0
2644,1900,5,0
2645,1826,3,0
2646,1303,6,0
2647,1504,6,0
2648,2019,8,0
2649,2110,2,0
2650,2810,2,0
2651,2806,2,0
2652,950,5,0
2653,2000,7,0
2654,3644,4,0
2655,2958,7,1
2656,1952,1,0
2657,2801,3,0
2658,3000,1,0
2659,1366,2,0
2660,237,1,0
2661,2157,2,0
2662,2000,2,0
2663,3665,2,0
2664,1538,5,0
2665,2508,2,0
2666,1613,1,0
2667,1614,2,0
2668,1424,2,0
2669,2196,3,0
2670,1969,1,0
2671,431,2,0
2672,2061,2,0
2673,1970,1,0
2674,448,1,0
2675,2181,2,0
2676,540,5,0
2677,559,2,0
2678,604,5,0
2679,1423,2,0
2680,1798,2,0
2681,1664,3,0
2682,2119,3,0
2683,1331,4,0
2684,3940,6,1
2685,3913,8,1
2686,3850,2,0
2687,2442,3,0
2688,1744,1,0
2689,1811,2,0
2690,1409,6,0
2691,2782,5,0
2692,2499,5,0
2693,1720,2,0
2694,1536,2,0
2695,1493,1,0
2696,2057,5,0
2697,2058,2,0
2698,1274,5,0
2699,2059,1,0
2700,2753,8,1
2701,3260,6,1
2702,1493,5,0
2703,1545,7,0
2704,2000,5,0
2705,1261,1,0
2706,1895,6,0
2707,1259,3,0
2708,3279,1,0
2709,2188,5,0
2710,2492,1,0
2711,2915,6,1
2712,2000,4,0
2713,1549,6,0
2714,3121,3,0
2715,2181,3,0
2716,1672,1,0
2717,1578,3,0
2718,1890,2,0
2719,1495,7,0
2720,3420,7,1
2721,1594,3,0
2722,1993,2,0
2723,1479,5,0
2724,1882,1,0
2725,274,8,0
2726,1350,2,0
2727,285,2,1
2728,3557,5,0
2729,1670,1,0
2730,1864,6,0
2731,2465,3,0
2732,3564,1,0
2733,1809,4,0
2734,990,4,0
2735,3199,2,0
2736,2826,6,1
2737,2112,2,0
2738,990,2,0
2739,1882,1,0
2740,2629,2,0
2741,1803,5,0
2742,1607,3,0
2743,300,2,0
2744,1505,3,0
2745,1687,1,0
2746,1446,1,0
2747,3015,1,0
2748,3733,3,0
2749,1607,12,1
2750,1028,2,0
2751,826,1,0
2752,1850,2,0
2753,1608,1,0
2754,1744,1,0
2755,3531,1,0
2756,3548,1,0
2757,3635,3,0
2758,1305,2,0
2759,1687,2,0
2760,3753,2,0
2761,1349,2,0
2762,228,2,0
2763,1900,2,0
2764,770,3,0
2765,3551,1,0
2766,300,2,0
2767,1749,1,0
2768,1305,5,0
2769,1960,3,0
2770,2534,2,0
2771,1856,1,0
2772,2578,7,1
2773,1767,2,0
2774,993,2,0
2775,1439,1,0
2776,1512,5,0
2777,3505,1,0
2778,1058,1,0
2779,1790,2,0
2780,1431,1,0
2781,2764,6,1
2782,1048,3,0
2783,1701,1,0
2784,2719,2,0
2785,1974,1,0
2786,1033,1,0
2787,1750,1,0
2788,1791,2,0
2789,1028,8,0
2790,1986,5,0
2791,2183,3,0
2792,1027,5,0
2793,2636,5,0
2794,1995,2,0
2795,1027,3,0
2796,1999,5,0
2797,1411,2,0
2798,284,2,0
2799,2241,3,0
2800,2564,2,0
2801,1410,2,0
2802,2551,2,0
2803,2550,2,0
2804,2538,2,0
2805,280,7,0
2806,364,7,0
2807,1401,5,0
2808,1397,2,0
2809,1395,2,0
2810,1390,2,0
2811,2505,2,0
2812,2505,2,0
2813,2047,2,0
2814,1023,2,0
2815,1386,2,0
2816,1803,2,0
2817,276,6,0
2818,274,5,0
2819,1376,1,0
2820,1698,4,0
2821,1375,5,0
2822,1374,1,0
2823,1374,3,0
2824,2497,1,0
2825,2485,2,0
2826,1000,1,0
2827,1000,6,0
2828,2471,2,0
2829,4011,3,0
2830,1811,2,0
2831,2000,1,0
2832,2000,1,0
2833,2000,1,0
2834,2000,1,0
2835,4011,2,0
2836,266,2,0
2837,2000,1,0
2838,2420,1,0
2839,1328,1,0
2840,1327,8,0
2841,1327,2,0
2842,997,4,0
2843,1327,7,0
2844,994,2,0
2845,1326,5,0
2846,1321,1,0
2847,80977,2,0
2848,991,3,0
2849,1272,3,0
2850,365,2,0
2851,374,8,0
2852,1310,6,0
2853,259,2,0
2854,385,2,0
2855,387,6,0
2856,392,6,0
2857,1266,4,0
2858,398,2,0
2859,400,3,1
2860,256,2,0
2861,1691,3,0
2862,406,1,0
2863,409,2,0
2864,411,1,0
2865,421,3,0
2866,1259,6,0
2867,432,2,0
2868,432,1,0
2869,354,3,0
2870,2067,1,0
2871,982,5,0
2872,444,2,0
2873,980,1,0
2874,252,2,0
2875,252,2,0
2876,450,3,0
2877,980,1,0
2878,551,4,0
2879,560,4,0
2880,570,2,0
2881,2063,1,0
2882,570,8,0
2883,348,5,0
2884,977,2,0
2885,249,2,0
2886,590,3,0
2887,605,6,0
2888,606,2,0
2889,628,3,0
2890,631,2,0
2891,1306,8,0
2892,244,4,0
2893,1837,1,0
2894,639,1,0
2895,684,6,0
2896,709,2,0
2897,1689,4,0
2898,4004,2,0
2899,955,1,0
2900,3978,2,0
2901,3977,5,0
2902,240,2,0
2903,3975,3,0
2904,1844,2,0
2905,950,1,0
2906,3957,3,0
2907,339,2,0
2908,339,2,0
2909,1305,2,0
2910,1243,4,0
2911,3890,5,0
2912,1850,2,0
2913,1850,4,0
2914,1850,2,0
2915,4000,4,0
2916,924,2,0
2917,1850,3,0
2918,3765,2,0
2919,1850,1,0
2920,3733,4,0
2921,3724,2,0
2922,3700,2,0
2923,3641,2,0
2924,3639,1,0
2925,3628,7,1
2926,1231,3,0
2927,1866,3,0
2928,229,1,0
2929,1866,3,0
2930,1868,4,0
2931,915,3,0
2932,227,2,0
2933,902,2,0
2934,1869,3,0
2935,1764,2,0
2936,2323,3,0
2937,1840,5,0
2938,1880,6,0
2939,1223,2,0
2940,1884,1,0
2941,3473,2,0
2942,3473,2,0
2943,900,7,0
2944,900,1,0
2945,1884,4,0
2946,3447,1,0
2947,1888,7,0
2948,1888,2,0
2949,3392,2,0
2950,1890,1,0
2951,1581,7,0
2952,1891,5,0
2953,3365,4,0
2954,1576,2,0
2955,1647,16,1
2956,890,1,0
2957,889,4,0
2958,1896,2,0
2959,1897,2,0
2960,884,2,0
2961,1899,2,0
2962,1900,2,0
2963,1900,4,0
2964,874,2,0
2965,871,2,0
2966,3153,7,1
2967,1900,3,0
2968,1900,5,0
2969,1900,2,0
2970,3142,2,0
2971,1775,2,0
2972,1143,2,0
2973,1140,4,0
2974,1900,8,0
2975,853,5,0
2976,2281,5,0
2977,3119,5,0
2978,1126,2,0
2979,1522,2,0
2980,840,2,0
2981,1518,8,0
2982,1122,3,0
2983,3000,6,1
2984,824,2,0
2985,307,2,0
2986,3000,2,0
2987,1499,3,0
2988,1110,1,0
2989,813,3,0
2990,1495,2,0
2991,1087,2,0
2992,1716,1,0
2993,787,4,0
2994,1084,1,0
2995,1482,2,0
2996,781,1,0
2997,779,1,0
2998,778,4,0
2999,2889,2,0
3000,1450,1,0
3001,1079,3,0
3002,1450,1,0
3003,2270,5,0
3004,770,3,0
3005,1296,2,0
3006,1784,2,0
3007,765,3,0
3008,1068,3,0
3009,1447,6,0
3010,2857,2,0
3011,750,3,0
3012,750,3,0
3013,1446,5,0
3014,740,5,0
3015,738,2,0
3016,1440,1,0
3017,1434,2,0
3018,300,8,0
3019,1059,3,0
3020,1433,3,0
3021,2795,8,1
3022,1960,8,0
3023,1433,4,0
3024,364,1,0
3025,1738,1,0
3026,2102,5,0
3027,1875,3,0
3028,3552,1,0
3029,1752,2,0
3030,867,2,0
3031,1750,1,0
3032,1809,3,0
3033,1297,1,0
3034,1999,5,0
3035,1350,2,0
3036,1512,1,0
3037,1762,2,0
3038,1873,2,0
3039,1868,5,0
3040,1834,7,0
3041,3583,5,0
3042,2261,3,0
3043,2499,2,0
3044,1762,2,0
3045,1978,3,0
3046,2257,9,1
3047,3601,1,0
3048,1523,4,0
3049,1834,2,0
3050,1866,3,0
3051,3638,8,1
3052,1669,3,0
3053,1997,2,0
3054,3679,2,0
3055,2068,1,0
3056,1830,23,1
3057,2231,5,0
3058,3709,4,0
3059,3733,2,0
3060,1618,3,0
3061,3754,3,0
3062,2108,2,0
3063,1850,5,0
3064,1533,2,0
3065,1831,2,0
3066,3108,5,0
3067,2242,1,0
3068,1810,6,0
3069,3785,2,0
3070,2042,8,0
3071,3798,4,0
3072,1668,3,0
3073,3122,6,1
3074,1692,2,0
3075,1630,2,0
3076,1800,2,0
3077,1760,6,0
3078,1639,1,0
3079,2044,3,0
3080,1640,2,0
3081,2497,1,0
3082,2448,1,0
3083,1641,1,0
3084,1000,2,0
3085,2444,1,0
3086,1641,1,0
3087,2233,3,0
3088,1741,2,0
3089,3188,2,0
3090,1760,4,0
3091,2301,5,0
3092,1974,1,0
3093,2438,3,0
3094,1681,2,0
3095,1812,2,0
3096,2436,1,0
3097,2435,3,0
3098,2178,2,0
3099,3887,3,0
3100,2220,3,0
3101,2220,4,0
3102,1813,2,0
3103,1676,2,0
3104,990,2,0
3105,2432,3,0
3106,2105,2,0
3107,3920,2,0
3108,2714,6,1
3109,1668,2,0
3110,1972,1,0
3111,1654,2,0
3112,1722,1,0
3113,1756,1,0
3114,1700,3,0
3115,1738,2,0
3116,1654,3,0
3117,1754,7,0
3118,2000,1,0
3119,1898,2,0
3120,1815,2,0
3121,2028,2,0
3122,1816,2,0
3123,3982,3,0
3124,2726,2,0
3125,2492,2,0
3126,1724,1,0
3127,3986,1,0
3128,680,2,0
3129,1548,5,0
3130,3328,2,0
3131,1579,5,0
3132,1816,2,0
3133,1587,3,0
3134,1816,2,0
3135,2286,1,0
3136,1726,2,0
3137,1729,3,0
3138,1263,4,0
3139,1817,2,0
3140,1676,2,0
3141,2281,7,0
3142,1741,6,0
3143,490,2,0
3144,1733,7,0
3145,2193,2,0
3146,2402,4,0
3147,1809,5,0
3148,2002,1,0
3149,1791,2,0
3150,418,2,0
3151,1768,2,0
3152,1427,2,0
3153,2037,3,0
3154,2105,6,0
3155,1311,2,0
3156,1799,2,0
3157,1701,1,0
3158,2008,2,0
3159,4004,1,0
3160,1437,1,0
3161,2506,2,0
3162,2559,2,0
3163,920,2,0
3164,1250,2,0
3165,1951,2,0
3166,1947,6,0
3167,1945,4,0
3168,2367,3,0
3169,1668,1,0
3170,1308,2,0
3171,1247,2,0
3172,2501,2,0
3173,1450,1,0
3174,2084,1,0
3175,1459,8,0
3176,1715,3,0
3177,2579,2,0
3178,2500,8,1
3179,2894,1,0
3180,1486,6,0
3181,1488,2,0
3182,1496,3,0
3183,2982,3,0
3184,2984,2,0
3185,1413,2,0
3186,2500,4,0
3187,2350,1,0
3188,1498,3,0
3189,1999,1,0
3190,1803,1,0
3191,1700,2,0
3192,1695,1,0
3193,2499,1,0
3194,1217,2,0
3195,3552,1,0
3196,2480,1,0
3197,2276,2,0
3198,1602,8,0
3199,1603,1,0
3200,1346,2,0
3201,2039,2,0
3202,3608,1,0
3203,2121,7,0
3204,2247,4,0
3205,1618,1,0
3206,3800,5,0
3207,1419,5,0
3208,2452,2,0
3209,1760,2,0
3210,1845,2,0
3211,1403,3,0
3212,1277,2,0
3213,2544,2,0
3214,2000,4,0
3215,2727,2,0
3216,2519,2,0
3217,69146,2,0
3218,502,2,0
3219,1425,4,0
3220,1265,3,0
3221,1963,5,0
3222,1263,2,0
3223,1263,5,0
3224,1261,1,0
3225,73813,2,0
3226,1261,1,0
3227,1260,2,0
3228,431,3,0
3229,1258,4,0
3230,76558,2,0
3231,2512,2,0
3232,2329,2,0
3233,2329,2,0
3234,2526,2,0
3235,1822,2,0
3236,1472,5,0
3237,2077,2,0
3238,1673,1,0
3239,1250,5,0
3240,1250,4,0
3241,1303,2,0
3242,1249,2,0
3243,1955,5,0
3244,1537,1,0
3245,1497,1,0
3246,1900,7,0
3247,2310,8,0
3248,1537,2,0
3249,1721,1,0
3250,1249,2,0
3251,3177,4,0
3252,2828,2,0
3253,1417,1,0
3254,1248,2,0
3255,3210,2,0
3256,2839,2,0
3257,1497,2,0
3258,1710,2,0
3259,2507,2,0
3260,1258,2,0
3261,2492,1,0
3262,2765,2,0
3263,2028,2,0
3264,1500,3,0
3265,1800,2,0
3266,1427,3,0
3267,3000,3,0
3268,2798,2,0
3269,1907,5,0
3270,1389,8,0
3271,1597,3,0
3272,3016,1,0
3273,1350,2,0
3274,1304,5,0
3275,1834,5,0
3276,1304,4,0
3277,80109,2,0
3278,1598,4,0
3279,2501,2,0
3280,3476,4,0
3281,1304,1,0
3282,1303,1,0
3283,361,2,0
3284,6029,3,0
3285,5683,2,0
3286,5407,1,0
3287,5345,2,0
3288,5287,5,0
3289,5276,2,0
3290,5123,2,0
3291,5002,3,0
3292,5000,3,0
3293,5000,2,0
3294,4923,2,0
3295,4804,1,0
3296,4435,3,0
3297,4004,5,0
3298,4000,4,0
3299,3994,2,0
3300,3901,7,1
3301,3881,5,0
3302,3726,2,0
3303,3701,8,1
3304,3688,3,0
3305,3519,2,0
3306,3510,4,0
3307,3506,2,0
3308,3495,2,0
3309,3478,2,0
3310,3468,2,0
3311,3356,2,0
3312,3333,8,1
3313,3283,1,0
3314,3178,3,0
3315,3157,2,0
3316,3118,1,0
3317,3056,5,0
3318,3053,2,0
3319,2999,5,0
3320,2968,1,0
3321,2930,2,0
3322,2914,3,0
3323,344,2,0
3324,2873,6,1
3325,2840,4,0
3326,2833,2,0
3327,2831,2,0
3328,2800,5,0
3329,2787,5,0
3330,2757,5,0
3331,2755,2,0
3332,2736,5,0
3333,2729,2,0
3334,2679,2,0
3335,2626,2,0
3336,2625,2,0
3337,2577,5,0
3338,2564,2,0
3339,2562,2,0
3340,2560,2,0
3341,2555,2,0
3342,2555,2,0
3343,2536,2,0
3344,2534,2,0
3345,2527,2,0
3346,2525,2,0
3347,2524,2,0
3348,2520,2,0
3349,2515,2,0
3350,2510,2,0
3351,2502,1,0
3352,2500,5,0
3353,2500,5,0
3354,2499,2,0
3355,2488,2,0
3356,2487,3,0
3357,2470,2,0
3358,2467,2,0
3359,2431,4,0
3360,2427,1,0
3361,2415,2,0
3362,2404,3,0
3363,2403,2,0
3364,2403,1,0
3365,2362,2,0
3366,2358,3,0
3367,2358,4,0
3368,2312,1,0
3369,2301,2,0
3370,2281,1,0
3371,2247,6,0
3372,2247,3,0
3373,2219,8,0
3374,2198,6,0
3375,2192,2,0
3376,2191,2,0
3377,2173,2,0
3378,2172,7,0
3379,230,1,0
3380,2897,7,1
3381,2095,5,0
3382,2083,3,0
3383,2083,4,0
3384,2083,5,0
3385,2082,2,0
3386,2071,4,0
3387,2070,1,0
3388,2066,2,0
3389,2063,5,0
3390,2063,2,0
3391,2061,7,0
3392,2029,2,0
3393,2020,1,0
3394,2002,2,0
3395,2000,7,0
3396,2000,5,0
3397,2000,1,0
3398,2000,3,0
3399,1990,2,0
3400,224,2,0
3401,1986,3,0
3402,1985,8,0
3403,1916,3,0
3404,1900,5,0
3405,1888,5,0
3406,1883,1,0
3407,1831,2,0
3408,1808,2,0
3409,1806,2,0
3410,1730,1,0
3411,1722,1,0
3412,1675,2,0
3413,1674,3,0
3414,1626,3,0
3415,1618,1,0
3416,1609,2,0
3417,1608,3,0
3418,1603,2,0
3419,1600,1,0
3420,1591,8,1
3421,1588,7,0
3422,1588,5,0
3423,1587,1,0
3424,1584,2,0
3425,1584,8,1
3426,1582,2,0
3427,1580,1,0
3428,1570,2,0
3429,1557,5,0
3430,1553,4,0
3431,1549,3,0
3432,1540,6,0
3433,1531,5,0
3434,1519,5,0
3435,1511,4,0
3436,1502,8,0
3437,1500,2,0
3438,1500,3,0
3439,1488,2,0
3440,1473,3,0
3441,1460,3,0
3442,1460,4,0
3443,1457,2,0
3444,1444,2,0
3445,1444,7,0
3446,1434,2,0
3447,1421,2,0
3448,1413,2,0
3449,1409,2,0
3450,1402,2,0
3451,1360,2,0
3452,1336,2,0
3453,1329,2,0
3454,1292,2,0
3455,1291,2,0
3456,1277,2,0
3457,1264,1,0
3458,1263,3,0
3459,1262,1,0
3460,1258,5,0
3461,1250,3,0
3462,1248,2,0
3463,1247,2,0
3464,1247,2,0
3465,1243,5,0
3466,1243,2,0
3467,1242,8,0
3468,1240,1,0
3469,1234,3,0
3470,886,2,0
3471,760,2,0
3472,742,3,0
3473,81379,2,0
3474,80973,5,0
3475,80113,5,0
3476,79898,1,0
3477,77569,1,0
3478,75696,3,0
3479,74296,5,0
3480,65801,2,0
3481,6664,1,0
3482,6653,2,0
3483,6159,2,0
3484,6146,5,0
3485,6124,3,0
3486,5603,3,0
3487,75160,2,0
3488,5551,2,0
3489,6325,5,0
3490,59943,1,0
3491,2012,2,0
3492,2229,4,0
3493,68828,1,0
3494,2225,4,0
3495,4111,3,0
3496,4811,1,0
3497,2342,2,0
3498,2031,2,0
3499,64808,2,0
3500,4313,6,1
3501,5651,1,0
3502,81739,22,0
3503,63816,2,0
3504,6014,3,0
3505,4121,4,0
3506,63235,2,0
3507,1371,2,0
3508,4385,2,0
3509,80624,2,0
3510,64711,2,0
3511,80393,2,0
3512,74962,4,0
3513,80123,4,0
3514,80000,2,0
3515,571,2,0
3516,1502,2,0
3517,79434,2,0
3518,78137,5,0
3519,598,2,0
3520,5577,5,0
3521,74210,2,0
3522,810,1,0
3523,5003,1,0
3524,1267,2,0
3525,5182,1,0
3526,6184,2,0
3527,5000,3,0
3528,4829,6,1
3529,4831,2,0
3530,59543,3,0
3531,4329,2,0
3532,4163,3,0
3533,5000,5,0
3534,4836,1,0
3535,1487,2,0
3536,4291,2,0
3537,6078,3,0
3538,77832,7,0
3539,4179,7,1
3540,5670,1,0
3541,77282,2,0
3542,5646,5,0
3543,64451,2,0
3544,4298,1,0
3545,4333,3,0
3546,480,8,0
3547,5000,2,0
3548,76161,2,0
3549,5568,1,0
3550,76029,1,0
3551,4227,3,0
3552,4234,3,0
3553,1765,2,0
3554,1645,4,0
3555,64268,2,0
3556,5593,8,0
3557,1274,6,0
3558,1505,3,0
3559,5551,2,0
3560,1483,1,0
3561,1483,8,0
3562,5546,3,0
3563,6545,3,0
3564,5516,4,0
3565,4495,3,0
3566,5513,2,0
3567,1480,3,0
3568,1480,2,0
3569,1479,2,0
3570,1479,2,0
3571,1475,2,0
3572,5510,2,0
3573,4539,2,0
3574,5470,3,0
3575,5034,5,0
3576,66513,3,0
3577,5466,2,0
3578,5451,2,0
3579,5446,2,0
3580,62305,1,0
3581,5043,3,0
3582,5191,3,0
3583,5432,3,0
3584,66190,2,0
3585,1463,2,0
3586,5000,2,0
3587,1220,1,0
3588,1460,2,0
3589,4632,3,0
3590,5059,6,1
3591,57748,3,0
3592,5000,2,0
3593,9999,4,0
3594,5386,2,0
3595,5000,2,0
3596,5000,2,0
3597,5000,2,0
3598,5353,4,0
3599,2459,2,0
3600,4672,3,0
3601,1281,2,0
3602,6696,6,0
3603,5334,4,0
3604,5079,5,0
3605,5316,5,0
3606,5090,2,0
3607,65452,2,0
3608,6749,5,0
3609,5276,2,0
3610,65143,2,0
3611,5107,5,0
3612,4729,3,0
3613,5274,7,1
3614,6841,6,0
3615,1818,2,0
3616,5714,2,0
3617,1850,2,0
3618,3697,5,0
3619,4757,1,0
3620,60100,2,0
3621,3067,2,0
3622,2800,1,0
3623,2800,1,0
3624,4762,2,0
3625,4763,3,0
3626,1567,5,0
3627,2718,2,0
3628,2716,2,0
3629,5000,5,0
3630,300,2,0
3631,4777,3,0
3632,4778,8,1
3633,1563,5,0
3634,1561,2,0
3635,1986,2,0
3636,2632,2,0
3637,1998,4,0
3638,2499,2,0
3639,2477,2,0
3640,1554,2,0
3641,4939,2,0
3642,4386,3,0
3643,5669,1,0
3644,6213,3,0
3645,4399,2,0
3646,6227,4,0
3647,5007,3,0
3648,1288,4,0
3649,5674,3,0
3650,67541,2,0
3651,63004,6,1
3652,6437,10,1
3653,5585,2,0
3654,4432,2,0
3655,6058,2,0
3656,5562,4,0
3657,5222,1,0
3658,67236,2,0
3659,5925,6,0
3660,62689,2,0
3661,6491,3,0
3662,6499,6,0
3663,2087,4,0
3664,4874,2,0
3665,5140,2,0
3666,70135,2,0
3667,4804,1,0
3668,5548,6,0
3669,2419,3,0
3670,6541,3,0
3671,5240,3,0
3672,4809,1,0
3673,66988,2,0
3674,4812,2,0
3675,6220,6,0
3676,81732,22,0
3677,4121,3,0
3678,5020,2,0
3679,5194,2,0
3680,5184,2,0
3681,81152,2,0
3682,5512,2,0
3683,5695,5,0
3684,66902,3,0
3685,66750,4,0
3686,4984,5,0
3687,4130,1,0
3688,6562,5,0
3689,79437,2,0
3690,5500,4,0
3691,6569,3,0
3692,5000,9,1
3693,5428,1,0
3694,1658,1,0
3695,5030,2,0
3696,2228,4,0
3697,1784,2,0
3698,78093,1,0
3699,6044,1,0
3700,5470,2,0
3701,69495,2,0
3702,7967,3,0
3703,5038,2,0
3704,5460,2,0
3705,6020,5,0
3706,69347,2,0
3707,4469,2,0
3708,5699,6,0
3709,59925,3,0
3710,5041,5,0
3711,69297,2,0
3712,5042,7,1
3713,57991,3,0
3714,5433,1,0
3715,1536,3,0
3716,7051,2,0
3717,4167,2,0
3718,69154,5,0
3719,5169,4,0
3720,62097,1,0
3721,5186,8,1
3722,5000,2,0
3723,77488,1,0
3724,76986,4,0
3725,62074,2,0
3726,64317,2,0
3727,2075,3,0
3728,6000,3,0
3729,5431,4,0
3730,76187,3,0
3731,5424,1,0
3732,5785,5,0
3733,6607,2,0
3734,4213,17,1
3735,4215,5,0
3736,76075,15,0
3737,5412,1,0
3738,1455,5,0
3739,75605,5,0
3740,6609,5,0
3741,5784,4,0
3742,75554,3,0
3743,4241,2,0
3744,65872,2,0
3745,5375,2,0
3746,6128,3,0
3747,1392,3,0
3748,63953,2,0
3749,5369,7,1
3750,5728,2,0
3751,75001,2,0
3752,5343,2,0
3753,5000,3,0
3754,4252,2,0
3755,5000,3,0
3756,6694,3,0
3757,5069,2,0
3758,74994,3,0
3759,9522,2,0
3760,68672,2,0
3761,68626,5,0
3762,1445,2,0
3763,5768,2,0
3764,1242,1,0
3765,5318,2,0
3766,74445,2,0
3767,1442,3,0
3768,1442,2,0
3769,65573,2,0
3770,5312,1,0
3771,6711,3,0
3772,4261,2,0
3773,4701,3,0
3774,6713,3,0
3775,1319,1,0
3776,74390,7,0
3777,1318,1,0
3778,5093,3,0
3779,74227,1,0
3780,6788,2,0
3781,5766,2,0
3782,5762,2,0
3783,74173,2,0
3784,73909,1,0
3785,63638,2,0
3786,5000,1,0
3787,73727,7,0
3788,6835,4,0
3789,6121,3,0
3790,63368,2,0
3791,4037,3,0
3792,5000,2,0
3793,1262,1,0
3794,2164,2,0
3795,6661,8,0
3796,4014,1,0
3797,60865,1,0
3798,4293,1,0
3799,4002,5,0
3800,73696,3,0
3801,1850,3,0
3802,5122,2,0
3803,72368,3,0
3804,1871,1,0
3805,5000,5,0
3806,72100,1,0
3807,3508,5,0
3808,68444,2,0
3809,6843,3,0
3810,3175,2,0
3811,71972,2,0
3812,4761,5,0
3813,71735,8,0
3814,71670,3,0
3815,5131,2,0
3816,63341,2,0
3817,71584,5,0
3818,2727,2,0
3819,71254,3,0
3820,5226,5,0
3821,70727,2,0
3822,4924,2,0
3823,5003,1,0
3824,5657,4,0
3825,6139,3,0
3826,4924,2,0
3827,4924,2,0
3828,4924,2,0
3829,1306,3,0
3830,4931,2,0
3831,5730,5,0
3832,4938,2,0
3833,1266,3,0
3834,5000,2,0
3835,2474,2,0
3836,1497,3,0
3837,5000,2,0
3838,5000,2,0
3839,5000,2,0
3840,1216,1,0
3841,5955,2,0
3842,4814,2,0
3843,5466,4,0
3844,5502,3,0
3845,5505,2,0
3846,5509,2,0
3847,5511,2,0
3848,5545,4,0
3849,6446,3,0
3850,6259,2,0
3851,5632,1,0
3852,70641,8,1
3853,70733,5,0
3854,72026,1,0
3855,6007,3,0
3856,6005,3,0
3857,72043,1,0
3858,64593,2,0
3859,72072,1,0
3860,72321,5,0
3861,72394,1,0
3862,4133,7,1
3863,72924,5,0
3864,4136,2,0
3865,64463,2,0
3866,73567,2,0
3867,73831,3,0
3868,74038,4,0
3869,74210,2,0
3870,74210,2,0
3871,64230,2,0
3872,64199,2,0
3873,74210,2,0
3874,74210,2,0
3875,74210,4,0
3876,74210,2,0
3877,74799,5,0
3878,63798,2,0
3879,75625,7,0
3880,4879,2,0
3881,75832,6,0
3882,76681,8,0
3883,77777,1,0
3884,77819,5,0
3885,63410,2,0
3886,77891,2,0
3887,77958,3,0
3888,78123,2,0
3889,4235,1,0
3890,79968,2,0
3891,80011,1,0
3892,80286,6,0
3893,80739,2,0
3894,80910,4,0
3895,81148,2,0
3896,4906,2,0
3897,68783,3,0
3898,2283,8,0
3899,2288,5,0
3900,2031,2,0
3901,4912,2,0
3902,63179,2,0
3903,4924,2,0
3904,2291,6,0
3905,2297,3,0
3906,2298,3,0
3907,1500,5,0
3908,2299,4,0
3909,2326,1,0
3910,2003,4,0
3911,2391,3,0
3912,2399,3,0
3913,2417,3,0
3914,4306,2,0
3915,6084,3,0
3916,2000,5,0
3917,2421,2,0
3918,2422,3,0
3919,4946,2,0
3920,2423,1,0
3921,6083,6,0
3922,2459,2,0
3923,68224,1,0
3924,2000,4,0
3925,2000,1,0
3926,2000,3,0
3927,2486,2,0
3928,2000,1,0
3929,2490,1,0
3930,2493,1,0
3931,1725,2,0
3932,4320,1,0
3933,68222,8,1
3934,2494,1,0
3935,2499,4,0
3936,2499,4,0
3937,2499,6,0
3938,2499,2,0
3939,2500,1,0
3940,2508,2,0
3941,1716,2,0
3942,67981,1,0
3943,2525,2,0
3944,67980,3,0
3945,67952,2,0
3946,2529,2,0
3947,62653,5,0
3948,2530,2,0
3949,1481,5,0
3950,2532,2,0
3951,2534,2,0
3952,2536,2,0
3953,2549,2,0
3954,2000,3,0
3955,1999,3,0
3956,1993,2,0
3957,2163,2,0
3958,2669,6,1
3959,2671,2,0
3960,2100,3,0
3961,2671,2,0
3962,4447,3,0
3963,67325,2,0
3964,1985,2,0
3965,4450,1,0
3966,1984,2,0
3967,1984,7,0
3968,2674,2,0
3969,2682,2,0
3970,1467,5,0
3971,2686,2,0
3972,2754,1,0
3973,2792,7,1
3974,2793,2,0
3975,4999,3,0
3976,1960,2,0
3977,2077,5,0
3978,62175,1,0
3979,2836,2,0
3980,2075,1,0
3981,2836,2,0
3982,1938,5,0
3983,2889,2,0
3984,2925,2,0
3985,2929,2,0
3986,1924,2,0
3987,2981,4,0
3988,2109,2,0
3989,1457,2,0
3990,5000,2,0
3991,5000,2,0
3992,3000,1,0
3993,1909,1,0
3994,3000,1,0
3995,3148,1,0
3996,4546,3,0
3997,4560,1,0
3998,1900,1,0
3999,3160,3,0
4000,3385,2,0
4001,1448,2,0
4002,1646,10,1
4003,3421,2,0
4004,5000,5,0
4005,5000,7,1
4006,2114,2,0
4007,5000,2,0
4008,5000,2,0
4009,5000,3,0
4010,3477,5,0
4011,66415,5,0
4012,66380,1,0
4013,2081,1,0
4014,66279,3,0
4015,3512,3,0
4016,2101,1,0
4017,3545,1,0
4018,3572,2,0
4019,66134,4,0
4020,66115,2,0
4021,5907,5,0
4022,3573,3,0
4023,3582,2,0
4024,3614,4,0
4025,3788,2,0
4026,3793,2,0
4027,3815,1,0
4028,3817,7,1
4029,4000,2,0
4030,5000,2,0
4031,2222,4,0
4032,66000,2,0
4033,4656,2,0
4034,1610,2,0
4035,4023,6,1
4036,4046,1,0
4037,4053,7,1
4038,1811,2,0
4039,5000,2,0
4040,1426,5,0
4041,4663,2,0
4042,1422,2,0
4043,5000,6,1
4044,5000,2,0
4045,5739,5,0
4046,2227,4,0
4047,1400,1,0
4048,2116,4,0
4049,5740,7,0
4050,5001,2,0
4051,5745,2,0
4052,6000,3,0
4053,1364,2,0
4054,58584,3,0
4055,58292,3,0
4056,5020,2,0
4057,1599,1,0
4058,65588,2,0
4059,5749,3,0
4060,5044,8,1
4061,6000,4,0
4062,57971,2,0
4063,57857,1,0
4064,2234,1,0
4065,65333,2,0
4066,1305,7,0
4067,1305,1,0
4068,2283,2,0
4069,1303,3,0
4070,1302,5,0
4071,4727,2,0
4072,66519,8,1
4073,2179,3,0
4074,7292,3,0
4075,7183,4,0
4076,7125,3,0
4077,1291,2,0
4078,7050,13,1
4079,5180,3,0
4080,1283,8,0
4081,65134,2,0
4082,5184,7,1
4083,4733,3,0
4084,4736,4,0
4085,7016,4,0
4086,5198,15,1
4087,1577,3,0
4088,4749,3,0
4089,1273,8,0
4090,1272,2,0
4091,65118,2,0
4092,1266,6,0
4093,1266,2,0
4094,1265,2,0
4095,2044,4,0
4096,1262,1,0
4097,65111,2,0
4098,4768,5,0
4099,65100,2,0
4100,6842,2,0
4101,6836,3,0
4102,1257,3,0
4103,5262,5,0
4104,1256,5,0
4105,65030,2,0
4106,1256,1,0
4107,1253,3,0
4108,1252,3,0
4109,6776,3,0
4110,2042,1,0
4111,1250,2,0
4112,6709,2,0
4113,5320,2,0
4114,5328,8,1
4115,65000,2,0
4116,2254,3,0
4117,5342,2,0
4118,5390,1,0
4119,64922,2,0
4120,5416,1,0
4121,7544,3,0
4122,6666,5,0
4123,1502,5,0
4124,1501,3,0
4125,2196,4,0
4126,4101,7,1
4127,4032,4,0
4128,4028,1,0
4129,4027,8,1
4130,4022,4,0
4131,5000,2,0
4132,4000,4,0
4133,5526,11,1
4134,1794,2,0
4135,1794,2,0
4136,1495,2,0
4137,6203,4,0
4138,4000,4,0
4139,6680,4,0
4140,1844,6,0
4141,5635,1,0
4142,75701,2,0
4143,4131,5,0
4144,4133,2,0
4145,3847,3,0
4146,4958,2,0
4147,3751,2,0
4148,5545,5,0
4149,75699,8,0
4150,3627,5,0
4151,75636,2,0
4152,3626,1,0
4153,3615,5,0
4154,4967,2,0
4155,4163,3,0
4156,58216,2,0
4157,6178,1,0
4158,3585,3,0
4159,1327,3,0
4160,1774,2,0
4161,4194,2,0
4162,1872,7,0
4163,4197,3,0
4164,4199,8,1
4165,4202,1,0
4166,4978,2,0
4167,6896,9,1
4168,4981,4,0
4169,4237,5,0
4170,1242,2,0
4171,4245,2,0
4172,1242,3,0
4173,1760,2,0
4174,68877,7,1
4175,58560,2,0
4176,3497,2,0
4177,3493,7,1
4178,59331,1,0
4179,3461,3,0
4180,3460,4,0
4181,4272,3,0
4182,2263,3,0
4183,4273,1,0
4184,3386,5,0
4185,1469,2,0
4186,3242,2,0
4187,5554,2,0
4188,62459,1,0
4189,5000,2,0
4190,4300,7,1
4191,62285,1,0
4192,1246,6,0
4193,68438,2,0
4194,68354,4,0
4195,68330,2,0
4196,3143,5,0
4197,1735,2,0
4198,62146,1,0
4199,3142,2,0
4200,3118,2,0
4201,1727,5,0
4202,4319,2,0
4203,2210,1,0
4204,4320,3,0
4205,75254,2,0
4206,5000,2,0
4207,75221,2,0
4208,1903,2,0
4209,2222,2,0
4210,1453,2,0
4211,5667,1,0
4212,1905,2,0
4213,59677,1,0
4214,1363,2,0
4215,3000,5,0
4216,7000,1,0
4217,61813,8,1
4218,67696,2,0
4219,4404,3,0
4220,61663,3,0
4221,6072,4,0
4222,5325,3,0
4223,2973,2,0
4224,2241,2,0
4225,2888,2,0
4226,5677,5,0
4227,61579,2,0
4228,75023,2,0
4229,2884,2,0
4230,1686,1,0
4231,5000,5,0
4232,2804,7,1
4233,2802,1,0
4234,4455,4,0
4235,5000,3,0
4236,2800,2,0
4237,61352,2,0
4238,2757,4,0
4239,2729,2,0
4240,4490,2,0
4241,1420,2,0
4242,5000,2,0
4243,2714,3,0
4244,2699,3,0
4245,6730,3,0
4246,6787,7,0
4247,74403,2,0
4248,6811,3,0
4249,1988,2,0
4250,2084,2,0
4251,6637,3,0
4252,2635,4,0
4253,6634,2,0
4254,66666,1,0
4255,4539,2,0
4256,1661,3,0
4257,1657,1,0
4258,5367,1,0
4259,4565,4,0
4260,2630,2,0
4261,9946,3,0
4262,1999,2,0
4263,6898,2,0
4264,66453,7,1
4265,4574,1,0
4266,5389,3,0
4267,5390,8,1
4268,2599,5,0
4269,4583,4,0
4270,5392,2,0
4271,2000,2,0
4272,4597,3,0
4273,77578,1,0
4274,2000,2,0
4275,1622,1,0
4276,2575,1,0
4277,2169,2,0
4278,5750,1,0
4279,2572,2,0
4280,2521,2,0
4281,1617,4,0
4282,66029,2,0
4283,5404,6,0
4284,5404,2,0
4285,5060,2,0
4286,5133,2,0
4287,74210,2,0
4288,2521,2,0
4289,5417,1,0
4290,2515,2,0
4291,6456,8,0
4292,1270,3,0
4293,65872,2,0
4294,4674,1,0
4295,7026,6,0
4296,2491,1,0
4297,65863,2,0
4298,57774,1,0
4299,1222,4,0
4300,6910,4,0
4301,6816,1,0
4302,2478,1,0
4303,1600,3,1
4304,65655,2,0
4305,1596,2,0
4306,1596,1,0
4307,5117,3,0
4308,72651,3,0
4309,65484,2,0
4310,1417,5,0
4311,5042,2,0
4312,5435,5,0
4313,72626,2,0
4314,2179,4,0
4315,1587,3,0
4316,1586,5,0
4317,2000,3,0
4318,5440,7,0
4319,1584,13,1
4320,6016,4,0
4321,1581,2,0
4322,2569,5,0
4323,5445,2,0
4324,2162,6,0
4325,4743,1,0
4326,6437,2,0
4327,2161,3,0
4328,1574,3,0
4329,2000,2,0
4330,1211,2,0
4331,1571,1,1
4332,2240,3,0
4333,5453,5,0
4334,5454,4,0
4335,5455,3,0
4336,2389,2,0
4337,6606,1,0
4338,2306,2,0
4339,1558,2,0
4340,1368,2,0
4341,5463,2,0
4342,6602,3,0
4343,6845,3,0
4344,2027,6,0
4345,6854,1,0
4346,81704,6,0
4347,81302,3,0
4348,71900,5,0
4349,6579,5,0
4350,1348,2,0
4351,1546,2,0
4352,5000,1,0
4353,80000,3,0
4354,59582,3,0
4355,6884,2,0
4356,79832,2,0
4357,79823,5,0
4358,6563,2,0
4359,5492,8,0
4360,71666,2,0
4361,79446,2,0
4362,1541,1,0
4363,71370,2,0
4364,1540,3,0
4365,78248,2,0
4366,78197,3,0
4367,4827,3,0
4368,4839,2,0
4369,5503,6,0
4370,5240,8,1
4371,1273,1,0
4372,1378,4,0
4373,77653,4,0
4374,1525,4,0
4375,77569,1,0
4376,5000,6,1
4377,59688,2,0
4378,5515,2,0
4379,2191,7,0
4380,6936,3,0
4381,4731,2,0
4382,1516,2,0
4383,1514,7,0
4384,75955,1,0
4385,63759,2,0
4386,63434,2,0
4387,6953,3,0
4388,2078,3,0
4389,1238,2,0
4390,63349,2,0
4391,4901,2,0
4392,75809,3,0
4393,6128,4,0
4394,1505,2,0
4395,6665,2,0
4396,4053,5,0
4397,1460,5,0
4398,1802,4,0
4399,5000,2,0
4400,1452,4,0
4401,1451,1,0
4402,1441,5,0
4403,5779,2,0
4404,1333,2,0
4405,4115,1,0
4406,5190,4,0
4407,5417,1,0
4408,2232,2,0
4409,5424,1,0
4410,4123,6,0
4411,5431,5,0
4412,5044,1,0
4413,69634,2,0
4414,4130,3,0
4415,1216,5,0
4416,4144,8,0
4417,69629,2,0
4418,5447,3,0
4419,6605,8,0
4420,8161,3,0
4421,5475,5,0
4422,69308,2,0
4423,4161,3,0
4424,5493,1,0
4425,5496,5,0
4426,6962,2,0
4427,69092,1,0
4428,4178,5,0
4429,58057,2,0
4430,68925,2,0
4431,6561,4,0
4432,5524,5,0
4433,4240,7,0
4434,1760,2,0
4435,5526,13,1
4436,5658,6,0
4437,1355,7,0
4438,5528,12,1
4439,1359,1,0
4440,4271,2,0
4441,5552,2,0
4442,5623,1,0
4443,4277,3,0
4444,6258,5,0
4445,5637,1,0
4446,68444,2,0
4447,4292,3,0
4448,4302,2,0
4449,5637,1,0
4450,3059,4,0
4451,2165,2,0
4452,5005,4,0
4453,71827,1,0
4454,2046,2,0
4455,2166,2,0
4456,72202,1,0
4457,68204,3,0
4458,68156,2,0
4459,4343,2,0
4460,1272,7,0
4461,72941,4,0
4462,73048,2,0
4463,1385,1,0
4464,73593,2,0
4465,67698,4,0
4466,73596,4,0
4467,1385,4,0
4468,73949,5,0
4469,74055,6,0
4470,74210,2,0
4471,6060,1,0
4472,67522,2,0
4473,6900,3,0
4474,1267,2,0
4475,74479,3,0
4476,75491,5,0
4477,67219,2,0
4478,1392,6,0
4479,75700,1,0
4480,75705,5,0
4481,76708,1,0
4482,67117,2,0
4483,67089,2,0
4484,5684,8,0
4485,76793,5,0
4486,4496,1,0
4487,76992,3,0
4488,6052,7,0
4489,77293,1,0
4490,77945,2,0
4491,1266,5,0
4492,1228,5,0
4493,78057,8,0
4494,78224,6,0
4495,78262,2,0
4496,4564,3,0
4497,78400,2,0
4498,78816,2,0
4499,5000,7,0
4500,1408,1,0
4501,4577,1,0
4502,80000,8,0
4503,80429,2,0
4504,6882,7,0
4505,5000,4,0
4506,66167,5,0
4507,5246,3,0
4508,2236,8,0
4509,2028,2,0
4510,2354,2,0
4511,5699,2,0
4512,2355,1,0
4513,2384,3,0
4514,5119,6,1
4515,1416,5,0
4516,1258,1,0
4517,5263,2,0
4518,1608,1,0
4519,2499,7,0
4520,60000,3,0
4521,4670,2,0
4522,2000,5,0
4523,9155,3,0
4524,5278,3,0
4525,2667,3,0
4526,65862,2,0
4527,65810,2,0
4528,1987,6,0
4529,60000,3,0
4530,6806,2,0
4531,1280,7,0
4532,1589,2,1
4533,6720,3,0
4534,2738,2,0
4535,2745,3,0
4536,2778,3,0
4537,1581,5,0
4538,1579,3,0
4539,65123,2,0
4540,65120,2,0
4541,5185,2,0
4542,1957,5,0
4543,5000,8,0
4544,2825,3,0
4545,4771,2,0
4546,1293,2,0
4547,65038,2,0
4548,2858,3,0
4549,4783,5,0
4550,1939,2,0
4551,2874,2,0
4552,1278,3,0
4553,2897,2,0
4554,2903,8,0
4555,2187,3,0
4556,1930,2,0
4557,2919,2,0
4558,1249,2,0
4559,2989,1,0
4560,3000,4,0
4561,3005,1,0
4562,3064,6,0
4563,3090,2,0
4564,5187,2,0
4565,4817,3,0
4566,1542,6,0
4567,1542,3,0
4568,4822,1,0
4569,3229,3,0
4570,1889,8,0
4571,3392,6,0
4572,2265,3,0
4573,3479,3,0
4574,64479,2,0
4575,3589,6,0
4576,1857,2,0
4577,7000,8,0
4578,5000,2,0
4579,3965,3,0
4580,4000,4,0
4581,64188,2,0
4582,4020,2,0
4583,1827,6,0
4584,4880,2,0
4585,63384,2,0
4586,1507,3,0
4587,4902,2,0
4588,4944,2,0
4589,4945,2,0
4590,4954,2,0
4591,4955,2,0
4592,62712,2,0
4593,62673,7,1
4594,4964,2,0
4595,4969,2,0
4596,1483,3,0
4597,1479,4,0
4598,1473,6,0
4599,4993,5,0
4600,1469,7,0
4601,4522,1,0
4602,5000,3,0
4603,1382,1,0
4604,3004,1,0
4605,5000,2,0
4606,5639,5,0
4607,2156,8,0
4608,2134,2,0
4609,6601,2,0
4610,5898,1,0
4611,2466,1,0
4612,6377,1,0
4613,5948,2,0
4614,5192,6,1
4615,1387,2,0
4616,2025,4,0
4617,1784,2,0
4618,1315,1,0
4619,71522,1,0
4620,6000,5,0
4621,69199,4,0
4622,5294,2,0
4623,5025,2,0
4624,5005,1,0
4625,2417,1,0
4626,1757,2,0
4627,5120,2,0
4628,5291,6,1
4629,5125,2,0
4630,1911,7,0
4631,1750,4,0
4632,5907,2,0
4633,6172,8,0
4634,61851,1,0
4635,4314,3,0
4636,3000,7,0
4637,1918,4,0
4638,1721,1,0
4639,2279,3,0
4640,2492,1,0
4641,1419,8,0
4642,1707,2,0
4643,5368,5,0
4644,5671,4,0
4645,5061,2,0
4646,2235,2,0
4647,5999,1,0
4648,2000,7,0
4649,1350,2,0
4650,6419,3,0
4651,2222,4,0
4652,1685,3,0
4653,5803,2,0
4654,5013,2,0
4655,1931,2,0
4656,58838,24,1
4657,5966,2,0
4658,1296,3,0
4659,1669,2,0
4660,5001,3,0
4661,5691,2,0
4662,1218,8,0
4663,5490,2,0
4664,1666,2,0
4665,5481,2,0
4666,4771,2,0
4667,2503,2,0
4668,5001,2,0
4669,5559,2,0
4670,61469,5,0
4671,2000,8,0
4672,1636,1,0
4673,1409,2,0
4674,1387,7,0
4675,5000,2,0
4676,66053,2,0
4677,2000,1,0
4678,4645,1,0
4679,1269,5,0
4680,1609,4,0
4681,2170,3,0
4682,4660,3,0
4683,5708,2,0
4684,5712,2,0
4685,2855,2,0
4686,1942,1,0
4687,1944,5,0
4688,1387,5,0
4689,2069,1,0
4690,65520,2,0
4691,1594,2,0
4692,2804,5,0
4693,1335,2,0
4694,1409,5,0
4695,4729,1,0
4696,1339,4,0
4697,1573,5,0
4698,1409,4,0
4699,1571,3,0
4700,2495,1,0
4701,5271,1,0
4702,1286,2,0
4703,61368,3,0
4704,2181,3,0
4705,2800,1,0
4706,2800,1,0
4707,4804,1,0
4708,5136,4,0
4709,1210,2,0
4710,81106,13,0
4711,1549,2,0
4712,81123,1,0
4713,5174,2,0
4714,5996,3,0
4715,1437,1,0
4716,7802,3,0
4717,1436,1,0
4718,4823,5,0
4719,1540,8,0
4720,5928,2,0
4721,2499,1,0
4722,2190,2,0
4723,5257,2,0
4724,5087,5,0
4725,5225,3,0
4726,1525,4,0
4727,64275,2,0
4728,5092,2,0
4729,1518,1,0
4730,1386,1,0
4731,1347,6,0
4732,1971,1,0
4733,2241,6,0
4734,2153,5,0
4735,1411,2,0
4736,58209,1,0
4737,2692,5,0
4738,1373,4,0
4739,2680,2,0
4740,1317,1,0
4741,5051,3,0
4742,5238,2,0
4743,5020,6,0
4744,3027,3,0
4745,3028,1,0
4746,5729,4,0
4747,5891,2,0
4748,3106,1,0
4749,3127,2,0
4750,3143,4,0
4751,1900,2,0
4752,3200,2,0
4753,1896,2,0
4754,3270,1,0
4755,1895,3,0
4756,3346,2,0
4757,5000,5,0
4758,3425,3,0
4759,1887,1,0
4760,1471,1,0
4761,1884,5,0
4762,3487,1,0
4763,3491,5,0
4764,1880,2,0
4765,2201,3,0
4766,4992,3,0
4767,3551,1,0
4768,1424,2,0
4769,3579,1,0
4770,1867,3,0
4771,3600,1,0
4772,2268,3,0
4773,75079,2,0
4774,3733,2,0
4775,1489,2,0
4776,1850,5,0
4777,5342,2,0
4778,5063,2,0
4779,1846,2,0
4780,3860,3,0
4781,3991,2,0
4782,1838,2,0
4783,4000,5,0
4784,4006,2,0
4785,1496,8,0
4786,1497,4,0
4787,1500,4,0
4788,1822,2,0
4789,1813,2,0
4790,66107,2,0
4791,66085,2,0
4792,4637,1,0
4793,2069,1,0
4794,2173,3,0
4795,2180,6,0
4796,4760,4,0
4797,2065,6,0
4798,81797,12,0
4799,4782,2,0
4800,1552,3,0
4801,4804,1,0
4802,2035,4,0
4803,2126,1,0
4804,64775,2,0
4805,4813,1,0
4806,64744,2,0
4807,4825,4,0
4808,2088,5,0
4809,4845,2,0
4810,75543,2,0
4811,75555,1,0
4812,5000,3,0
4813,6500,2,0
4814,5526,4,1
4815,5000,3,0
4816,58144,2,0
4817,59820,4,0
4818,76472,7,0
4819,76537,2,0
4820,5129,2,0
4821,76716,2,0
4822,58080,2,0
4823,71471,3,0
4824,77032,6,0
4825,77402,1,0
4826,5200,1,0
4827,77751,5,0
4828,59891,1,0
4829,71651,2,0
4830,6222,2,0
4831,71934,6,0
4832,5493,2,0
4833,79894,3,0
4834,79942,7,0
4835,5030,2,0
4836,5245,5,0
4837,5895,3,0
4838,80552,2,0
4839,5032,4,0
4840,6000,1,0
4841,81136,5,0
4842,7875,1,0
4843,81319,28,0
4844,81678,23,0
4845,5000,5,0
4846,7562,2,0
4847,5167,5,0
4848,72240,4,0
4849,5123,2,0
4850,5040,3,0
4851,2326,5,0
4852,2329,7,0
4853,5000,2,0
4854,2350,3,0
4855,6918,2,0
4856,2367,2,0
4857,2384,2,0
4858,2387,1,0
4859,5253,2,0
4860,5451,1,0
4861,5448,8,0
4862,1345,1,0
4863,5011,5,0
4864,5200,1,0
4865,5254,2,0
4866,5256,2,0
4867,2424,1,0
4868,60000,1,0
4869,5000,2,0
4870,2479,3,0
4871,6833,5,0
4872,72829,2,0
4873,5432,2,0
4874,4580,2,0
4875,5424,1,0
4876,6228,4,0
4877,5650,2,0
4878,2000,2,0
4879,2499,5,0
4880,2000,2,0
4881,5264,3,0
4882,1293,2,0
4883,73479,2,0
4884,2500,1,0
4885,5271,5,0
4886,1225,2,0
4887,8747,1,0
4888,5210,1,0
4889,58687,1,0
4890,5152,2,0
4891,9197,1,0
4892,2543,2,0
4893,6813,8,0
4894,5060,2,0
4895,5402,4,0
4896,6628,3,0
4897,1302,1,0
4898,5280,2,0
4899,5000,3,0
4900,1233,5,0
4901,2647,1,0
4902,5288,4,0
4903,1992,2,0
4904,2653,2,0
4905,6641,1,0
4906,5290,3,0
4907,5062,2,0
4908,73713,1,0
4909,5062,2,0
4910,5350,2,0
4911,1432,5,0
4912,2722,2,0
4913,1433,6,0
4914,73936,2,0
4915,2751,2,0
4916,5005,1,0
4917,1959,7,0
4918,74044,3,0
4919,5618,2,0
4920,2800,4,0
4921,2814,1,0
4922,74198,2,0
4923,5566,2,0
4924,5005,1,0
4925,2886,2,0
4926,5000,8,0
4927,2891,3,0
4928,6462,5,0
4929,1268,2,0
4930,70334,2,0
4931,2052,2,0
4932,5152,7,1
4933,2953,3,0
4934,1446,2,0
4935,74210,3,0
4936,2991,1,0
4937,3000,8,0
4938,5329,1,0
4939,5982,5,0
4940,5000,3,0
4941,1801,2,0
4942,1800,22,1
4943,62072,6,1
4944,3049,3,0
4945,69899,2,0
4946,1459,3,0
4947,69681,2,0
4948,2051,2,0
4949,5000,2,0
4950,1798,2,0
4951,1796,2,0
4952,5000,2,0
4953,4115,2,0
4954,4999,6,0
4955,5607,6,0
4956,4999,4,0
4957,5332,2,0
4958,4999,2,0
4959,1792,2,0
4960,4117,5,0
4961,74792,2,0
4962,62518,5,0
4963,3247,1,0
4964,1790,2,0
4965,69645,2,0
4966,4140,3,0
4967,4147,5,0
4968,3377,2,0
4969,5333,5,0
4970,4995,2,0
4971,5129,2,0
4972,4153,3,0
4973,2261,3,0
4974,4162,3,0
4975,4995,2,0
4976,69291,6,1
4977,68979,3,0
4978,62595,2,0
4979,4217,3,0
4980,3467,6,0
4981,3475,2,0
4982,1325,1,0
4983,1882,1,0
4984,5000,3,0
4985,4217,6,0
4986,68868,5,0
4987,4259,2,0
4988,1755,2,0
4989,1877,2,0
4990,1753,1,0
4991,4987,2,0
4992,4279,4,0
4993,5080,2,0
4994,62631,3,0
4995,5664,1,0
4996,68103,7,1
4997,5013,2,0
4998,4354,2,0
4999,67803,5,0
5000,4394,1,0
5001,2061,5,0
5002,3681,2,0
5003,1700,1,0
5004,3700,3,0
5005,6066,5,0
5006,1697,3,0
5007,3780,2,0
5008,1697,2,0
5009,6466,4,0
5010,67505,2,0
5011,5679,2,0
5012,4958,2,0
5013,67195,2,0
5014,4484,3,0
5015,3887,2,0
5016,5013,8,0
5017,62741,3,0
5018,3986,5,0
5019,66983,2,0
5020,4507,2,0
5021,1837,8,0
5022,66938,6,1
5023,63128,2,0
5024,75322,2,0
5025,5000,5,0
5026,1666,2,0
5027,66737,5,0
5028,75361,2,0
5029,1429,2,0
5030,4021,5,0
5031,63172,2,0
5032,1830,2,0
5033,75485,4,0
5034,66510,2,0
5035,4031,5,0
5036,1645,3,0
5037,1824,1,0
5038,1823,3,0
5039,66504,2,0
5040,2195,5,0
5041,5000,2,0
5042,4912,2,0
5043,1815,7,1
5044,1636,3,0
5045,4077,5,0
5046,1511,3,0
5047,1806,2,0
5048,4690,2,0
5049,4685,1,0
5050,9266,1,0
5051,4677,3,0
5052,2425,1,0
5053,4677,2,0
5054,4656,3,0
5055,4618,4,0
5056,59200,2,0
5057,5002,5,0
5058,59654,3,0
5059,4581,3,0
5060,2498,2,0
5061,6238,4,0
5062,9309,2,0
5063,2013,2,0
5064,4993,1,0
5065,2896,5,0
5066,70218,5,0
5067,60198,3,0
5068,4483,2,0
5069,6000,2,0
5070,5222,5,0
5071,2235,2,0
5072,4478,2,0
5073,9351,3,0
5074,58904,3,0
5075,5000,4,0
5076,62635,1,0
5077,1482,2,0
5078,2287,2,0
5079,5683,3,0
5080,1726,3,0
5081,5242,2,0
5082,4966,2,0
5083,4964,2,0
5084,5000,3,0
5085,3643,5,0
5086,5350,2,0
5087,60225,4,0
5088,4316,2,0
5089,1736,3,0
5090,3711,3,0
5091,60737,2,0
5092,59636,2,0
5093,1247,2,0
5094,3754,8,0
5095,68491,2,0
5096,9548,2,0
5097,62038,4,0
5098,5002,4,0
5099,58656,1,0
5100,4146,2,0
5101,5002,6,0
5102,70000,2,0
5103,58168,3,0
5104,72000,1,0
5105,5000,2,0
5106,5137,5,0
5107,5827,7,0
5108,2438,4,0
5109,60900,1,0
5110,5000,1,0
5111,4950,2,0
5112,58888,4,0
5113,78981,2,0
5114,60929,1,0
5115,4942,2,0
5116,1463,2,0
5117,1900,1,0
5118,5001,1,0
5119,59582,4,0
5120,59926,1,0
5121,7855,1,0
5122,70028,4,0
5123,5000,2,0
5124,7360,2,0
5125,5771,2,0
5126,4939,2,0
5127,4855,2,0
5128,9213,1,0
5129,4855,2,0
5130,4822,2,0
5131,1402,7,0
5132,60887,1,0
5133,6387,3,0
5134,8808,2,0
5135,4814,5,0
5136,4799,2,0
5137,4796,6,0
5138,4902,2,0
5139,2466,1,0
5140,4795,3,0
5141,4714,3,0
5142,4893,2,0
5143,4088,2,0
5144,4090,3,0
5145,5000,4,0
5146,5040,1,0
5147,4432,1,0
5148,1693,3,0
5149,4441,1,0
5150,4450,1,0
5151,4454,2,0
5152,1674,4,0
5153,2500,1,0
5154,4510,3,0
5155,2500,3,0
5156,4519,1,0
5157,2000,2,0
5158,4524,1,0
5159,2504,2,0
5160,1654,1,0
5161,3115,3,0
5162,1900,6,0
5163,3117,8,0
5164,1646,2,0
5165,1900,2,0
5166,4570,3,0
5167,1617,1,0
5168,2101,2,0
5169,1607,2,0
5170,2066,2,0
5171,3144,2,0
5172,1579,2,0
5173,4814,7,0
5174,1539,3,0
5175,1539,4,0
5176,4870,2,0
5177,1520,4,0
5178,1498,2,0
5179,2217,3,0
5180,3244,3,0
5181,1441,4,0
5182,1420,4,0
5183,1414,2,0
5184,1400,3,0
5185,2591,2,0
5186,1378,6,0
5187,1372,2,0
5188,1346,3,0
5189,81139,7,0
5190,1343,1,0
5191,3399,2,0
5192,1334,2,0
5193,1301,2,0
5194,2634,2,0
5195,5177,1,0
5196,1277,2,0
5197,1276,2,0
5198,1264,7,0
5199,1254,3,0
5200,1990,2,0
5201,1884,1,0
5202,5278,8,1
5203,2252,7,0
5204,1241,2,0
5205,5346,2,0
5206,1236,2,0
5207,1228,2,0
5208,1226,2,0
5209,2291,2,0
5210,1223,2,0
5211,3501,3,0
5212,1877,5,0
5213,1218,2,0
5214,5463,2,0
5215,5463,2,0
5216,5466,2,0
5217,5478,7,0
5218,2672,2,0
5219,5556,2,0
5220,2134,2,0
5221,5560,2,0
5222,5643,3,0
5223,1869,2,0
5224,5734,3,0
5225,5738,1,0
5226,1974,1,0
5227,2707,5,0
5228,2349,1,0
5229,2015,3,0
5230,4098,3,0
5231,5952,2,0
5232,2014,4,0
5233,6000,3,0
5234,3677,2,0
5235,2013,2,0
5236,6000,2,0
5237,6087,3,0
5238,6133,5,0
5239,2367,2,0
5240,6226,4,0
5241,6227,4,0
5242,3738,1,0
5243,6248,4,0
5244,2389,1,0
5245,3764,1,0
5246,6272,5,0
5247,6276,24,1
5248,6383,5,0
5249,2144,2,0
5250,3805,2,0
5251,2800,1,0
5252,6386,4,0
5253,6405,2,0
5254,2000,2,0
5255,6424,1,0
5256,6507,3,0
5257,1845,2,0
5258,3862,3,0
5259,6578,1,0
5260,3962,3,0
5261,6631,6,0
5262,6944,8,1
5263,6967,7,0
5264,6967,2,0
5265,3996,3,0
5266,6986,3,0
5267,7013,5,0
5268,7054,3,0
5269,7775,2,0
5270,1835,2,0
5271,4000,4,0
5272,7874,1,0
5273,8184,2,0
5274,2427,2,0
5275,2431,3,0
5276,8316,2,0
5277,8464,2,0
5278,8888,4,0
5279,9109,2,0
5280,59076,2,0
5281,59137,3,0
5282,59925,1,0
5283,60000,26,1
5284,63329,2,0
5285,1761,2,0
5286,1758,5,0
5287,2909,1,0
5288,70554,3,0
5289,1749,1,0
5290,4306,3,0
5291,2488,1,0
5292,4306,8,0
5293,1822,7,0
5294,4044,2,0
5295,4311,3,0
5296,70864,6,1
5297,70962,2,0
5298,4329,3,0
5299,4065,3,0
5300,4068,8,0
5301,4352,3,0
5302,4073,2,0
5303,71367,5,0
5304,4386,1,0
5305,4085,4,0
5306,4391,1,0
5307,4400,3,0
5308,4406,2,0
5309,4407,2,0
5310,4091,3,0
5311,4093,3,0
5312,2077,2,0
5313,4428,2,0
5314,31,7,0
5315,5310,5,0
5316,5959,2,0
5317,6279,2,0
5318,5671,5,0
5319,5666,1,0
5320,60000,4,0
5321,8000,4,0
5322,6084,2,0
5323,6283,2,0
5324,5143,3,0
5325,61267,5,0
5326,6294,8,0
5327,4679,4,0
5328,61196,4,0
5329,5749,8,0
5330,4440,4,0
5331,4560,2,0
5332,5600,4,0
5333,2520,2,0
5334,5013,2,0
5335,58495,4,0
5336,5746,2,0
5337,5178,4,0
5338,1625,2,0
5339,5176,1,0
5340,1391,4,0
5341,4691,3,0
5342,4693,1,0
5343,58855,3,0
5344,2069,1,0
5345,60397,2,0
5346,6586,2,0
5347,60358,1,0
5348,4096,5,0
5349,5000,4,0
5350,3269,1,0
5351,7008,2,0
5352,2112,2,0
5353,60152,2,0
5354,1537,8,0
5355,7549,1,0
5356,4089,3,0
5357,7565,3,0
5358,59000,3,0
5359,70775,4,0
5360,5713,2,0
5361,1512,2,0
5362,70151,3,0
5363,4163,3,0
5364,6956,4,0
5365,57789,1,0
5366,62479,4,0
5367,61993,2,0
5368,59241,1,0
5369,68949,2,0
5370,5583,7,0
5371,5261,2,0
5372,4249,3,0
5373,4288,1,0
5374,4344,2,0
5375,5658,3,0
5376,4586,2,0
5377,5655,5,0
5378,5000,2,0
5379,5653,2,0
5380,4309,5,0
5381,5081,3,0
5382,5075,4,0
5383,5650,2,0
5384,5650,7,0
5385,4862,2,0
5386,63521,2,0
5387,63512,2,0
5388,5402,3,0
5389,73091,2,0
5390,5005,1,0
5391,4950,2,0
5392,5021,2,0
5393,5758,4,0
5394,62883,5,0
5395,62877,2,0
5396,31,5,0
5397,4998,1,0
5398,30,3,0
5399,4999,2,0
5400,74210,2,0
5401,5000,4,0
5402,5761,6,0
5403,7603,4,0
5404,6965,1,0
5405,5019,5,0
5406,5000,2,0
5407,4977,2,0
5408,5755,2,0
5409,1986,4,0
5410,71105,3,0
5411,5222,2,0
5412,4567,1,0
5413,5664,1,0
5414,5222,4,0
5415,6927,2,0
5416,5221,1,0
5417,4533,4,0
5418,4533,3,0
5419,5200,1,0
5420,1673,2,0
5421,4444,2,0
5422,4432,3,0
5423,4402,4,0
5424,4397,1,0
5425,6966,1,0
5426,4310,4,0
5427,6985,2,0
5428,68358,3,0
5429,68399,6,1
5430,4249,1,0
5431,5363,3,0
5432,4026,3,0
5433,5359,2,0
5434,4030,2,0
5435,4100,1,0
5436,6650,7,0
5437,5184,5,0
5438,77290,1,0
5439,4043,6,0
5440,4061,2,0
5441,5179,2,0
5442,5640,2,0
5443,5178,5,0
5444,70862,3,0
5445,4090,3,0
5446,4096,2,0
5447,31,2,0
5448,5166,2,0
5449,7664,1,0
5450,5149,8,1
5451,5145,1,0
5452,5311,3,0
5453,5310,2,0
5454,8876,3,0
5455,5097,1,0
5456,5303,4,0
5457,5089,7,1
5458,9468,4,0
5459,1333,6,0
5460,5025,2,0
5461,5019,4,0
5462,58591,1,0
5463,6260,3,0
5464,59000,2,0
5465,5296,2,0
5466,2117,2,0
5467,5005,1,0
5468,6327,4,0
5469,6333,3,0
5470,5295,2,0
5471,6345,6,0
5472,59333,1,0
5473,2624,2,0
5474,6360,8,0
5475,60001,2,0
5476,60105,3,0
5477,60110,1,0
5478,60955,1,0
5479,61099,25,1
5480,61504,7,1
5481,5260,2,0
5482,5255,2,0
5483,5000,5,0
5484,62050,3,0
5485,4908,2,0
5486,4873,2,0
5487,6433,5,0
5488,5249,2,0
5489,75000,6,0
5490,5591,3,0
5491,4860,2,0
5492,4850,2,0
5493,4841,2,0
5494,5556,2,0
5495,5556,2,0
5496,4806,1,0
5497,3152,5,0
5498,3175,5,0
5499,4718,2,0
5500,6885,3,0
5501,4704,4,0
5502,6535,3,0
5503,4657,4,0
5504,4650,1,0
5505,4630,2,0
5506,4611,2,0
5507,76072,4,0
5508,4585,3,0
5509,81451,4,0
5510,79527,12,0
5511,1237,2,0
5512,74710,1,0
5513,2349,2,0
5514,4568,2,0
5515,1817,2,0
5516,4307,1,0
5517,4308,2,0
5518,78424,2,0
5519,2314,2,0
5520,68414,2,0
5521,5638,4,0
5522,2560,2,0
5523,81445,25,0
5524,2001,3,0
5525,2192,3,0
5526,81361,11,0
5527,1361,5,0
5528,76638,3,0
5529,72633,2,0
5530,1675,3,0
5531,1996,2,0
5532,1224,2,0
5533,59154,4,0
5534,6651,2,0
5535,5677,1,0
5536,77288,1,0
5537,6358,3,0
5538,5253,2,0
5539,5059,2,0
5540,4313,2,0
5541,7034,17,1
5542,5598,1,0
5543,5109,4,0
5544,5645,1,0
5545,58004,4,0
5546,5000,1,0
5547,6635,3,0
5548,59535,2,0
5549,9205,1,0
5550,4691,1,0
5551,4633,1,0
5552,65446,2,0
5553,4573,1,0
5554,4496,4,0
5555,4455,3,0
5556,30,1,0
5557,4909,2,0
5558,4358,3,0
5559,80402,2,0
5560,4748,2,0
5561,5335,3,0
5562,5000,7,0
5563,5000,3,0
5564,5000,6,0
5565,5000,2,0
5566,4909,2,0
5567,59616,2,0
5568,71348,4,0
5569,5000,2,0
5570,4963,2,0
5571,68469,2,0
5572,4253,3,0
5573,4197,2,0
5574,4166,4,0
5575,5000,2,0
5576,5635,1,0
5577,4156,6,0
5578,4044,3,0
5579,4059,2,0
5580,5716,2,0
5581,70676,1,0
5582,5000,1,0
5583,5806,3,0
5584,78820,2,0
5585,5600,5,0
5586,6379,2,0
5587,5074,2,0
5588,4964,2,0
5589,4881,2,0
5590,58511,1,0
5591,4850,2,0
5592,4997,3,0
5593,4148,4,0
5594,4960,2,0
5595,5459,6,0
5596,4863,2,0
5597,76317,5,0
5598,5045,5,0
5599,61579,2,0
5600,5010,1,0
5601,5346,2,0
5602,6099,3,0
5603,71896,2,0
5604,5733,2,0
5605,58049,3,0
5606,5341,6,0
5607,71976,1,0
5608,5020,3,0
5609,5042,2,0
5610,5300,2,0
5611,72988,6,0
5612,63500,2,0
5613,78142,4,0
5614,5000,2,0
5615,5000,2,0
5616,73598,5,0
5617,4806,1,0
5618,6776,1,0
5619,80175,3,0
5620,5096,8,0
5621,5000,3,0
5622,6000,2,0
5623,59737,3,0
5624,5099,2,0
5625,5067,2,0
5626,5916,4,0
5627,5261,4,0
5628,6394,6,0
5629,59909,2,0
5630,5000,1,0
5631,4941,2,0
5632,5598,2,0
5633,4813,3,0
5634,5226,7,0
5635,69459,2,0
5636,5171,6,0
5637,64413,2,0
5638,6000,5,0
5639,5294,2,0
5640,4866,2,0
5641,68346,5,0
5642,60546,1,0
5643,5003,1,0
5644,4950,2,0
5645,57727,2,0
5646,60822,1,0
5647,68444,2,0
5648,5358,5,0
5649,68520,2,0
5650,4255,4,0
5651,4862,2,0
5652,58657,1,0
5653,5768,2,0
5654,69209,3,0
5655,5001,8,0
5656,5994,2,0
5657,62308,1,0
5658,4146,1,0
5659,5000,4,0
5660,59173,1,0
5661,5000,2,0
5662,5013,3,0
5663,79655,4,0
5664,70224,7,0
5665,5698,3,0
5666,70554,2,0
5667,5295,2,0
5668,5564,5,0
5669,9659,1,0
5670,6059,3,0
5671,71163,3,0
5672,71186,3,0
5673,5000,2,0
5674,5171,3,0
5675,5000,7,0
5676,5253,2,0
5677,7022,3,0
5678,4128,3,0
5679,71934,3,0
5680,65204,2,0
5681,5814,5,0
5682,72184,1,0
5683,8973,1,0
5684,5011,7,0
5685,4595,2,0
5686,6171,3,0
5687,72503,5,0
5688,4975,2,0
5689,72777,1,0
5690,72982,3,0
5691,4770,7,0
5692,5807,1,0
5693,5000,2,0
5694,5897,8,0
5695,73717,5,0
5696,4812,4,0
5697,5044,2,0
5698,67317,2,0
5699,4449,1,0
5700,5000,2,0
5701,6323,2,0
5702,4969,2,0
5703,68006,5,0
5704,4812,5,0
5705,68154,2,0
5706,4340,2,0
5707,74630,8,0
5708,4817,2,0
5709,4819,8,0
5710,75341,2,0
5711,5721,2,0
5712,75359,2,0
5713,5512,2,0
5714,4857,2,0
5715,5471,1,0
5716,5466,5,0
5717,5000,2,0
5718,68444,2,0
5719,9615,3,0
5720,4274,2,0
5721,4999,5,0
5722,75837,2,0
5723,5460,2,0
5724,77567,1,0
5725,5135,2,0
5726,4216,4,0
5727,9843,2,0
5728,4177,1,0
5729,77771,3,0
5730,6717,3,0
5731,4157,2,0
5732,5299,2,0
5733,78845,2,0
5734,5246,4,0
5735,59414,1,0
5736,4125,2,0
5737,4112,8,0
5738,5225,1,0
5739,70070,5,0
5740,4997,8,0
5741,63204,2,0
5742,5160,3,0
5743,5316,7,0
5744,4994,7,0
5745,7348,2,0
5746,60487,3,0
5747,6020,2,0
5748,62913,4,0
5749,5000,2,0
5750,5923,3,0
5751,5696,4,0
5752,5047,4,0
5753,59227,3,0
5754,60977,1,0
5755,5013,1,0
5756,7395,2,0
5757,62861,8,0
5758,5005,5,0
5759,5020,2,0
5760,4953,2,0
5761,4699,1,0
5762,4695,1,0
5763,5673,2,0
5764,5859,2,0
5765,5000,4,0
5766,4249,1,0
5767,5000,5,0
5768,59610,2,0
5769,4778,1,0
5770,7967,2,0
5771,6000,7,0
5772,4510,1,0
5773,4884,2,0
5774,5251,2,0
5775,5941,2,0
5776,4466,3,0
5777,79905,5,0
5778,5755,5,0
5779,4023,3,0
5780,59032,1,0
5781,4765,1,0
5782,5236,2,0
5783,67464,2,0
5784,4110,2,0
5785,8558,3,0
5786,70000,2,0
5787,4108,2,0
5788,4101,5,0
5789,5000,2,0
5790,4757,1,0
5791,6168,2,0
5792,5157,2,0
5793,4359,4,0
5794,5000,2,0
5795,6115,3,0
5796,4700,2,0
5797,6785,5,0
5798,6357,2,0
5799,6732,4,0
5800,6618,4,0
5801,5463,2,0
5802,5515,2,0
5803,5528,15,1
5804,4068,1,0
5805,5242,1,0
5806,4088,3,0
5807,4088,6,0
5808,6533,3,0
5809,5586,2,0
5810,4918,2,0
5811,4618,3,0
5812,7028,21,1
5813,6060,8,0
5814,6288,3,0
5815,6872,5,0
5816,73857,8,0
5817,5609,2,0
5818,68558,4,0
5819,4571,1,0
5820,68444,2,0
5821,65257,2,0
5822,71933,4,0
5823,6142,1,0
5824,4377,1,0
5825,4024,2,0
5826,72326,2,0
5827,6192,5,0
5828,72714,8,0
5829,4670,2,0
5830,73210,2,0
5831,5629,1,0
5832,4333,4,0
5833,4326,1,0
5834,73657,2,0
5835,5624,1,0
5836,6261,1,0
5837,74210,2,0
5838,4608,1,0
5839,5974,2,0
5840,6580,7,0
5841,5347,2,0
5842,5279,1,0
5843,6914,3,0
5844,6000,2,0
5845,5199,1,0
5846,5187,1,0
5847,5185,3,0
5848,66689,2,0
5849,6051,5,0
5850,58930,2,0
5851,5687,1,0
5852,6056,2,0
5853,62007,5,0
5854,4999,2,0
5855,62266,1,0
5856,6062,2,0
5857,62864,1,0
5858,62952,3,0
5859,4898,2,0
5860,63380,2,0
5861,5060,2,0
5862,71212,3,0
5863,4884,21,1
5864,4167,5,0
5865,67336,2,0
5866,5003,2,0
5867,5726,2,0
5868,4850,2,0
5869,73781,2,0
5870,71623,7,0
5871,5661,2,0
5872,76296,1,0
5873,5348,2,0
5874,6884,2,0
5875,5190,5,0
5876,5463,2,0
5877,9507,2,0
5878,4722,2,0
5879,60576,1,0
5880,5006,2,0
5881,9489,3,0
5882,6099,3,0
5883,5081,1,0
5884,5662,1,0
5885,57714,1,0
5886,4258,3,0
5887,63172,1,0
5888,6962,1,0
5889,5760,3,0
5890,6000,14,1
5891,6936,1,0
5892,5260,2,0
5893,80597,2,0
5894,68989,8,0
5895,6886,1,0
5896,4173,3,0
5897,4625,1,0
5898,7949,1,0
5899,5249,6,0
5900,57801,1,0
5901,6821,2,0
5902,4884,2,0
5903,61000,2,0
5904,6753,2,0
5905,77755,2,0
5906,6660,3,0
5907,4876,2,0
5908,4541,2,0
5909,4536,3,0
5910,6647,5,0
5911,5399,5,0
5912,63987,2,0
5913,4528,2,0
5914,75793,4,0
5915,4486,1,0
5916,5491,3,0
5917,75656,2,0
5918,5540,2,0
5919,5551,2,0
5920,5000,1,0
5921,5554,2,0
5922,6434,25,0
5923,5783,2,0
5924,4449,1,0
5925,5679,7,0
5926,6244,4,0
5927,4352,1,0
5928,6242,4,0
5929,4789,4,0
5930,73562,2,0
5931,65039,2,0
5932,65108,2,0
5933,72595,7,0
5934,5650,3,0
5935,5651,8,0
5936,6153,7,0
5937,71302,3,0
5938,4750,1,0
5939,6138,2,0
5940,64072,2,0
5941,74210,5,0
5942,5973,2,0
5943,4094,4,0
5944,5000,3,0
5945,5166,1,0
5946,5975,4,0
5947,6000,8,0
5948,70178,1,0
5949,61011,2,0
5950,4586,2,0
5951,5568,3,0
5952,60736,1,0
5953,73438,2,0
